lambda,0.0,1.0,2.0,3.0,4.0,5.0,6.0,7.0,8.0,9.0,10.0,11.0,12.0,13.0,14.0,15.0,16.0,17.0,18.0,19.0,20.0,21.0,22.0,23.0,24.0,25.0,26.0,27.0,28.0,29.0,30.0,31.0,32.0,33.0,34.0,35.0,36.0,37.0,38.0,39.0,40.0,41.0,42.0,43.0,44.0,45.0,46.0,47.0,48.0,49.0,50.0,51.0,52.0,53.0,54.0,55.0,56.0,57.0,58.0,59.0,60.0,61.0,62.0,63.0,64.0,65.0,66.0,67.0,68.0,69.0,70.0,71.0,72.0,73.0,74.0,75.0,76.0,77.0,78.0,79.0,80.0,81.0,82.0,83.0,84.0,85.0,86.0,87.0,88.0,89.0,90.0,91.0,92.0,93.0,94.0,95.0,96.0,97.0,98.0,99.0,100.0,101.0,102.0,103.0,104.0,105.0,106.0,107.0,108.0,109.0,110.0,111.0,112.0,113.0,114.0,115.0,116.0,117.0,118.0,119.0,120.0,121.0,122.0,123.0,124.0,125.0,126.0,127.0,128.0,129.0,130.0,131.0,132.0,133.0,134.0,135.0,136.0,137.0,138.0,139.0,140.0,141.0,142.0,143.0,144.0,145.0,146.0,147.0,148.0,149.0,150.0,151.0,152.0,153.0,154.0,155.0,156.0,157.0,158.0,159.0,160.0,161.0,162.0,163.0,164.0,165.0,166.0,167.0,168.0,169.0,170.0,171.0,172.0,173.0,174.0,175.0,176.0,177.0,178.0,179.0,180.0
3.6e-07,46.535579272068134,40.269770012001565,27.807287970568808,17.537038059701796,10.93318610535285,6.877084002486601,4.424523031167235,2.9380137096396486,1.9948036701643692,1.3891690072667795,1.0139397267683008,0.7620245916481359,0.5918767153480332,0.4730047162072816,0.3908534186481806,0.3297497562081558,0.2830951361814917,0.24672368063491926,0.21684532116937774,0.19229697723364217,0.17430850312559235,0.1603285453365907,0.14797712537665159,0.1376908626814129,0.1293108298076516,0.12169652242192455,0.11413485866230451,0.10757657997278706,0.10198004897425926,0.09701812937854673,0.09228918772865083,0.08788806946451326,0.08388937206287823,0.08050986438958974,0.0775178879206391,0.07449109775191888,0.07133760883716768,0.06815657985247144,0.06494206626207669,0.062128864970932764,0.060050879458739034,0.05825980965946992,0.05630310986241513,0.05413974647934485,0.052154516317224404,0.05043057296389316,0.048820570348159564,0.04718029354521762,0.045389324206761755,0.0436791693170988,0.042138314793498235,0.04073368725772083,0.03952200609801942,0.03831556847770962,0.03708803799214577,0.03589073239751383,0.03466159982773459,0.03341704091960467,0.03222514161054791,0.031183252167178897,0.030244994513054062,0.02935313344539582,0.028429023226025897,0.0274509885537525,0.026530808304609955,0.025669091730137317,0.024866227779434865,0.024096501215196818,0.023347049719122954,0.022659144117951772,0.02199855725646191,0.021329484742164277,0.020662023672767683,0.02005730889617612,0.019488204276031016,0.018901252990576975,0.018346458090961956,0.017815567321799543,0.017281153612416097,0.016779748172967433,0.016336304098992355,0.0159214879677034,0.0155086294512915,0.015100809751707219,0.014680268274504516,0.014266797240940817,0.013901840295949047,0.013573225411783093,0.013264685068237905,0.01297402960855012,0.012695740226796355,0.012419786113359196,0.012140203619376143,0.011865770993574061,0.011606392835360541,0.01136668015189179,0.01114869555126228,0.01095299113447776,0.010773189570763265,0.010597563382546324,0.01042369552684093,0.010254811941041955,0.010094838655420508,0.009948883979370951,0.009815116303034777,0.009687855513524508,0.009566980321406241,0.00945549354923692,0.009352503343509518,0.009255792566558655,0.009166830355115672,0.009087027523449524,0.00901602670860107,0.008951704460677376,0.00888999596734657,0.008830965174507767,0.008778849220927509,0.008735714796389158,0.008700452497009882,0.008670040672406832,0.008642532140845767,0.008618943290163173,0.008599959316426464,0.008585100213225264,0.00857494706240171,0.008571363815991271,0.00857621740137023,0.008589060007336962,0.008606782082750208,0.008626469128249242,0.008647224505300364,0.008670433099398358,0.008698384960017928,0.008731022685955608,0.008766107192042884,0.008803157207068807,0.00884410185357778,0.00889078633402336,0.008944138724706303,0.009005118506168136,0.009075798434399405,0.0091590029852109,0.00925647462126886,0.009368310695465188,0.009493867947010919,0.009632381712445473,0.009783667049586964,0.009949481299999662,0.010134421400448125,0.010345487258769197,0.010590686751458463,0.010876974999678025,0.011208651702480686,0.011587629915420098,0.012014634448079447,0.012489338693477004,0.013009349011523508,0.013569753854560381,0.014162349167897359,0.014770935493121006,0.015365900432127579,0.015908187214099645,0.01636623754580058,0.0167352318422511,0.01704405812049285,0.017344749406769895,0.01768924553188718,0.01810519770486521,0.018584482546064825,0.019086258743977586,0.019547743152192897,0.019903591475635182,0.020118171044412755,0.02021761114423399,0.020299183778982537,0.0205192195714988,0.02105393360007881,0.02200079916874381,0.02323397988651541,0.02433792983777709,0.024788152872052046
3.935714285714286e-07,38.39783772887324,34.039201612852516,25.111808153231703,16.945119470601842,11.004668548887638,7.153190903667567,4.699865802210155,3.1507560773547367,2.1659698440350006,1.5349466003917756,1.1222200755532052,0.8468977227640972,0.6594361026729267,0.5265061504589199,0.4300835085356962,0.3594409114144109,0.3068534275702403,0.26707468340842666,0.23456847740102502,0.20831423748433717,0.1879395186501609,0.1710534470473096,0.15726203441232198,0.1460305527224643,0.13594718108023346,0.12705700323381972,0.11939877024761,0.11282406566900859,0.10709070283303866,0.10141812879132925,0.0959220589539303,0.09090381156708441,0.08619396860464056,0.0819152987196142,0.07823285345324774,0.07520404399101917,0.07258649365662073,0.06977313322176204,0.06668291412431378,0.06369189084619174,0.061279621632556666,0.059282385227563655,0.05739675715056553,0.055617505682009905,0.053689133471957425,0.05147938449417953,0.049276522295498094,0.0474033703051031,0.045763026622314545,0.044078695463877784,0.04233965546817371,0.040731589687956385,0.03950745497982908,0.03839918252967503,0.037125731741635776,0.035809424584666474,0.03464537495701892,0.03360409288882443,0.03248666569811251,0.03125638902568108,0.03000940288133756,0.028946135251639443,0.028056616015325317,0.027252075231301878,0.026496760346995288,0.02568334275772472,0.024789670911771172,0.02391010969901252,0.023132654484707606,0.02239320231534126,0.021669106484859927,0.02096952635760978,0.020311417277007904,0.019725211761898124,0.019151686540767644,0.01855335322395373,0.01796611811026183,0.01743956278965492,0.01693322158076442,0.0164238123775015,0.015950311141328905,0.01553227064285485,0.01514945758817414,0.014752405273715415,0.014343430334102987,0.013949259294524584,0.013580017201073352,0.013230755593473531,0.012897987160052245,0.012580709108822878,0.012274219119394279,0.011989779481337347,0.011724548205507451,0.011463980889896088,0.01120789404053288,0.010964594184408608,0.010736991848648661,0.010521621941166109,0.01031907189833305,0.01012919193588404,0.00995095558299044,0.009783305666588908,0.009625747928661938,0.00948008001068382,0.009346331113347152,0.009221911222198757,0.009102649050881803,0.008986891132824774,0.008876021816397467,0.008773345908169755,0.008679802729208833,0.008590732125507426,0.00850442025708757,0.00842342894172033,0.008349560451211517,0.008282683463990071,0.008221963063366686,0.00816911077406906,0.008124884575447952,0.00808684252865572,0.008051989850806806,0.008017952430806715,0.007986840347881108,0.007963699886776514,0.007951075486636426,0.00794950407147723,0.007957198411667619,0.007969898312688614,0.007983101418560859,0.007993965145794663,0.008003931102632955,0.008016587165126618,0.008033441109585598,0.008055700783072633,0.008085965239994851,0.008126998692016073,0.00818057609316552,0.00824540908954382,0.00831703997859292,0.008391383872390221,0.008468287214757854,0.008552455740109587,0.008650030048201798,0.008764182597606163,0.008896089384066564,0.009048660358042273,0.009226786904098718,0.009435048346595781,0.009675727629745534,0.009948354747902203,0.010252356758170319,0.010590502575964137,0.010969336442731969,0.011397754901211593,0.011885115123045567,0.01243797004489809,0.013056082879743035,0.013728864878123933,0.014433502550270606,0.015136520615777298,0.01579864945958939,0.01638302716585607,0.016868145316896677,0.017261347942260752,0.01760303054607164,0.017956175684038178,0.01838345350233733,0.018920715779352337,0.01955939788272408,0.020246684034938033,0.020904582619670983,0.021460976299419624,0.021882099833533522,0.022200460383084524,0.02253014439862668,0.02305265376698197,0.023953344574855862,0.025299555901011246,0.02689758317036066,0.028254455600950742,0.02879415043270208
4.271428571428571e-07,32.0612709763502,28.82768056315999,21.92380282820166,15.324666005896253,10.299139025791677,6.8630409537980945,4.634768545537659,3.1720135877004743,2.2245465780064384,1.604583976760168,1.1887146527591483,0.902042460965721,0.7041121042361889,0.5655528400172136,0.467557450879875,0.3947184233401788,0.3382865135157908,0.2949433396454261,0.26053540313057844,0.23370928022302692,0.21196694481069975,0.19449452212346618,0.17952420301895192,0.16592156375388084,0.15389223464058926,0.14318547176780577,0.13354508984715233,0.12570493276067543,0.11969992540335554,0.11415380469645395,0.10862671135339086,0.10323458477204682,0.09813578146749286,0.093753656080517,0.08996983320070497,0.08598659171331535,0.08202071502528298,0.07852816822481615,0.07541319300584816,0.07268217271820122,0.07019734410832512,0.06776980176527325,0.06516132488354305,0.06245240867680168,0.05994317219987385,0.057607224071333556,0.05544285863318547,0.053351972297537825,0.051292826975875526,0.04949633428279386,0.04781111914747657,0.04607532407024283,0.044287798573936075,0.04248304225947878,0.040958269069177045,0.03957701275229659,0.03809607762355515,0.03671409567198468,0.035511095309411954,0.03438418535623697,0.03322505254586393,0.03206553261055688,0.030952138624004262,0.02988858171063544,0.028922489078668068,0.027961217030479914,0.02698334010461664,0.026030844309330402,0.02509790304585144,0.02420561500056289,0.023268722600779137,0.022336604158165213,0.021563085454865717,0.020948229055978446,0.02044152874629444,0.01992033440760702,0.019312037764330086,0.01867408881582632,0.018043569863715546,0.017434394216355998,0.016860292473555184,0.016340488084666007,0.015862883361667354,0.01539706273266414,0.014944016869386243,0.014496477533433243,0.014066616275214484,0.013673621756811912,0.0133061535863341,0.012964195370019405,0.012641791796914529,0.01232611775420397,0.012014171141870174,0.01170188829162841,0.011401978712957015,0.011126385732974515,0.010868162396377966,0.010622559377928697,0.01038932156424956,0.010166472062947005,0.009951991933900397,0.00974855563643333,0.009560317637425417,0.009386002921550885,0.00922196578405265,0.009064292715837976,0.008913546280974634,0.008774851144457719,0.008648933371148878,0.008534182289916668,0.008427332584969405,0.0083229422091878,0.008220812135660574,0.008122472442704164,0.008027598124816657,0.007938215492518219,0.007856274334029372,0.007783563016621855,0.007722947442143366,0.007673175088610483,0.00763080185030666,0.007595842708421539,0.007570727666177912,0.007556085665785715,0.007547427614427417,0.007540183084527485,0.0075355814110936795,0.00753404990423391,0.007532311388151111,0.00753086135699215,0.007533594025896531,0.0075434715833041085,0.00756339674177345,0.007594796287039235,0.0076362495732213076,0.007688375503344848,0.0077550965141464446,0.007838661188706407,0.00793756703559675,0.008047832728426895,0.008165571011096353,0.008290941918439588,0.008429247777822491,0.008587176729947868,0.008769648822288452,0.008980977978438078,0.009226711609502539,0.009512365818859224,0.009842090838018708,0.010220015519904384,0.01065302713440025,0.011150208684834826,0.011718431026444,0.012361210311593466,0.013083525335677108,0.013894045646865761,0.014797575526960448,0.015784222795315016,0.016823977574555414,0.017867832188798623,0.018856383231008363,0.019736417157615108,0.020481375705818667,0.0211109353367592,0.02169576838100017,0.02233570343575216,0.023112979132210103,0.024047718964287663,0.025093384452103865,0.026162952918746013,0.027158892474614463,0.027997336599101044,0.0286312723037703,0.029084892082150534,0.029491521788710614,0.030096033807459652,0.031188403423101044,0.032945541449348234,0.03517450774627231,0.03716087346968381,0.03797142194893212
4.607142857142857e-07,29.00255087359921,25.079262894123485,18.76370307707289,13.480358115406666,9.276073659090935,6.437797172367067,4.477462225493992,3.144306949714081,2.253663866159512,1.6552398422286017,1.2456543470877608,0.9613158628838123,0.7626083020980098,0.6148347440061018,0.5041388221216122,0.4214156319947787,0.36064487901143955,0.3162687311479645,0.28317624504669947,0.25579979903300626,0.23181483366141944,0.21235966801039302,0.1963674426292551,0.18301064729009078,0.17038159232992403,0.15909381685738685,0.14947398960006666,0.14114891624050124,0.13417768485371667,0.12768182458110555,0.12209234013788456,0.11658015195121389,0.11121187692933171,0.1060497416507794,0.10184397393567879,0.09844141360629333,0.09472659798382789,0.09068664181737189,0.08663878522233168,0.08316570702249618,0.07950224395821973,0.07594125381892738,0.0726833051795682,0.07011679377228329,0.06745177190152411,0.0647241498667751,0.06214736336924121,0.06011368546759871,0.05819728573176219,0.056188662637376464,0.053978182874155574,0.051810080999571524,0.04980757801079792,0.04796587046145068,0.04606245362590531,0.0440832647782212,0.04223893696684112,0.04063678566593088,0.03923709586310326,0.03796629040690157,0.03676643246772986,0.03549416483513779,0.03423039134602556,0.03305701580082079,0.03191852669330962,0.030661205985082596,0.029468157526347887,0.0284324524721032,0.0274431089469669,0.026343831021956896,0.02534611421748825,0.02454986344493332,0.02386108963482442,0.02307293509862771,0.02224209691948619,0.021425665900431067,0.020693575751558065,0.019989766712809533,0.019319319049593775,0.018646015859602315,0.01802812221663036,0.01744222060433159,0.016879318231156706,0.01630322875763489,0.015777670538209557,0.015303343597026195,0.014869344449345972,0.014432615159282673,0.01401357779459118,0.013609436301579228,0.013220449015123202,0.01283027842435892,0.012451862516642953,0.012091230631034842,0.011748690959802638,0.011420891804759426,0.011116432442461466,0.010837921455293225,0.010574608178989947,0.010322918947277986,0.010087971795549195,0.009867845026993852,0.009652551879304992,0.009442984089971445,0.009247990115050323,0.00906829051595425,0.008896086543867936,0.008729365964373787,0.008568657947812237,0.008414897578837092,0.008266145805178628,0.008131219022368982,0.00801179729148703,0.007903669725069607,0.007799863027339513,0.0077035708106597545,0.0076172758655004644,0.0075358787524354735,0.007461464759385364,0.007397957886246607,0.007351111955880239,0.007315277629003485,0.007284475793052114,0.00725544824836822,0.007225109699367997,0.007192733836418966,0.007156390376473757,0.007124097019414426,0.007103280032201922,0.007096149757830399,0.007102504139569913,0.007120505993837494,0.007152968494629992,0.007199635898040351,0.0072600159808721655,0.007335484115492887,0.007424239974846846,0.007525217690259007,0.007638900633158017,0.007770126340516145,0.007925602875007681,0.00810896444003147,0.008322086790562932,0.008561238487693962,0.008822597394508067,0.009112489096490844,0.00944334075890819,0.009827463011490437,0.010272967974695563,0.010784100976937038,0.01136959840271805,0.01204573448716443,0.012829588971064594,0.013729452232774723,0.014740961990047787,0.01585793265790276,0.017082701041593824,0.018412950162544097,0.019821901871404146,0.021264449026947973,0.022697473676443373,0.024080050320847052,0.02536053514296345,0.026498927160129873,0.027518986272571832,0.028526099393567247,0.02965156995928222,0.03097587937703145,0.03248048023831538,0.0340489784335444,0.03552376537821883,0.03678082563688665,0.03774184988201077,0.03838873501545477,0.038870241613340815,0.0395355230758124,0.04079138653348405,0.0429137258047241,0.04578133750711847,0.048491585520232874,0.04963638061427665
4.942857142857143e-07,22.50009944600521,20.693482134240075,16.482786857622983,12.075232217150775,8.608914929572924,6.071212451713485,4.254770732164582,3.0323717260147576,2.2228913381645987,1.661889048262239,1.267871878404777,0.9898454063987316,0.7893831855486076,0.6446612281083126,0.5377390368910197,0.4566291205285028,0.3958397156973614,0.3477254984353751,0.30673626089165323,0.27347504100622366,0.24804312395169772,0.22807452714253698,0.21171306473200932,0.19756990049889125,0.18465336953791167,0.17302821443912622,0.1628829491330304,0.15394538002967834,0.14605197401828884,0.13921424783328706,0.13330177633064966,0.12800000492575617,0.12280084233059198,0.11736167198040397,0.11208096748711226,0.1074897545382596,0.10315833435206447,0.0984474401546229,0.09386577736163963,0.09021829178482656,0.08715421859523474,0.08387152908095206,0.08037860995502204,0.07715581211874645,0.07440780507650827,0.07202109007036897,0.06963691621626097,0.066933526666509,0.06410115004310196,0.06146994993994218,0.05889660006626364,0.056269890796164825,0.05392239708246982,0.05194241578468837,0.05006799270052886,0.048346903730291664,0.046828784043552986,0.04511162439802866,0.043075145949130256,0.041176055058202495,0.039609940461472,0.038173299847166844,0.03683842557241921,0.035636424770886674,0.03442053944278191,0.03318144227782084,0.03203372119878805,0.030890949322261652,0.029663901625540563,0.028495284965437583,0.02748604027713036,0.026570587439574363,0.025711014389659257,0.024873513242265062,0.02397033382092282,0.02302440712160392,0.022149585506329467,0.021357500562778242,0.02060370529395418,0.01990009486776784,0.01925567553778338,0.01865050819649677,0.018070028095492654,0.01747922477893307,0.0168494530435609,0.016230338288161835,0.01569731010429846,0.015250991645989635,0.014831316371762613,0.014394177648707363,0.013940278567282577,0.013493240432083598,0.013071106033378452,0.012676556353640667,0.012304313154313493,0.011949769748772354,0.011611595554434147,0.011294037340569656,0.011003812162370495,0.010735802195539058,0.01047274216317227,0.010208730849611809,0.009956737441384977,0.009728433336345958,0.009522503711663731,0.009329959684853157,0.009139964840449901,0.008944809091363434,0.00874450795653095,0.008547406729687285,0.008365395460579562,0.008205658204251492,0.00806802629928555,0.00794905580427137,0.00784465999804053,0.00775081788473656,0.007662956132222825,0.007577174947002936,0.007496362419956958,0.007427626014417252,0.007370941269414376,0.00731922111392828,0.007266772584790347,0.007214493882598447,0.007171269909730353,0.007145929162682318,0.007137721709568748,0.007138622011639114,0.00713885994578291,0.00713310046936215,0.007127519523794766,0.007134636216798981,0.007163252034626633,0.007217627599370566,0.007297331042182036,0.007396007004691321,0.007507152931694595,0.007631608950346973,0.007776374356110399,0.007945734165454296,0.008139274955009122,0.008359612290374232,0.008613465815369405,0.008907236843948873,0.009248087427644942,0.009643101701385702,0.010095829824381793,0.010609398082856753,0.011191169786727568,0.011852936812762893,0.012610070393647671,0.01348194851600874,0.014489462527204296,0.015647077168281814,0.01696232437763914,0.018443583495730425,0.02008513307180824,0.021836554035202103,0.023618124639990436,0.025371384850885557,0.02705621627231932,0.028625470017384025,0.03008151755714664,0.0315127469751917,0.03299713326192006,0.03456020555127179,0.03624646999324348,0.03807802469234351,0.03998174352683687,0.04186016852816317,0.04362403253716248,0.04518299235839753,0.046483338643604696,0.04742433815021429,0.04793137071105601,0.04835340039225446,0.049415214738992,0.05163948652733888,0.054933263081518385,0.05822623827146952,0.059661928498497566
5.278571428571428e-07,21.010880191819894,17.830021767034992,13.63005719937522,10.621922493618062,7.845874498408842,5.75656644464683,4.191592294419575,3.073651553630555,2.278721266097483,1.7173470508701036,1.3189322803355576,1.0308700962918729,0.8252250630700125,0.6759969891449185,0.5652603918872838,0.47968937402955336,0.41515151835738573,0.36371537474236393,0.32350931122189175,0.29190864061183014,0.2656505822336457,0.2456421923798254,0.2277346565260279,0.21225568534700454,0.1987122422644769,0.18660978954472732,0.1768613213782912,0.16769332009156948,0.16032641632504357,0.1529297020264081,0.14514605179200593,0.1370160283005459,0.12918931933411676,0.1233633081506488,0.1183028274636846,0.11415546216501735,0.10934521594231572,0.10498431689441758,0.10053274484958294,0.09649422912798952,0.09236816147782038,0.08844248331936433,0.08483622110824779,0.08146204664637306,0.0785204659899136,0.07547403541412692,0.0725363542223173,0.06930583750783124,0.06666383281955514,0.06419888308459784,0.06210343792666899,0.059564520450337166,0.057303373411194056,0.05509354472400036,0.05331030279244351,0.0512380433319685,0.04930219948882776,0.047225989918123344,0.045373714105528956,0.04337801427646441,0.041698177443838455,0.04015653562125467,0.03892571911077437,0.037605751575987285,0.03635626387584322,0.03495997318781223,0.033575852887424824,0.032143884244068714,0.030926552564552536,0.029812085669667088,0.02880992767758071,0.02782226385352439,0.026921892359285753,0.025996020260335255,0.02504977910465974,0.024121751534558804,0.023277013912655735,0.022449852139055083,0.02160528531431119,0.02080515265174224,0.020089023529375687,0.01945070296198302,0.018831105426088023,0.01825724124429464,0.017700883340581224,0.017170885397864412,0.016616071485027945,0.016075735751611538,0.015525669637836519,0.014997783366935517,0.014477191079883652,0.014015745262976005,0.01360039593310894,0.013229489429993394,0.012863481385427674,0.01250073918512678,0.012132172875253693,0.011770652746519296,0.011426673228412676,0.0111125089291544,0.010826919743014297,0.010563341942059042,0.010314183077444004,0.010078786256728643,0.009853746840369446,0.00963272258288827,0.009409929871547238,0.00919119997476029,0.008988304373744775,0.008804076528794723,0.008642250205653255,0.008493393873937775,0.008355707066889852,0.008219084552359677,0.008087619565675119,0.007959308337363684,0.007836858687685116,0.007728506985430324,0.0076357327735248285,0.007563530503612161,0.007501728830300658,0.007447709307244433,0.00739420461538679,0.007342644875886212,0.007301067844485981,0.0072702813380757575,0.0072578876524460965,0.0072596520845988315,0.007272468624858003,0.007294705501455599,0.007326855557444556,0.007372956009705985,0.007425963823120761,0.007489110570371201,0.0075702122197670646,0.007671941598141871,0.007795972515395899,0.00793850156173332,0.008104375569691097,0.008301936544295329,0.008534813630792545,0.008807113512381146,0.009120413628514025,0.009477226256223546,0.00987880823557705,0.01032739227749895,0.010838848131897855,0.011433665647749695,0.012125406926811995,0.0129282073414309,0.013858958785331854,0.014934626907166145,0.016167822548140417,0.01755747927857223,0.019090072169567634,0.020750894600079936,0.022537490657621638,0.024471692689812967,0.02655685214256543,0.02871431638127183,0.03079488394329253,0.03271810613903001,0.03450150495489449,0.036182760201879736,0.037767530153052085,0.03933898392798146,0.041033457907722545,0.04294123312949874,0.045016495613800195,0.04713741723063357,0.04916451375676883,0.05096518370557878,0.05239803930301481,0.05338561297184767,0.05413593105550935,0.05507461545841203,0.056763233244760965,0.059583793597487465,0.06349393541880975,0.0671801397277551,0.06874038324821642
5.614285714285714e-07,16.139829316490708,15.155161021045405,12.71458727864007,9.857145861856733,7.331816119347541,5.3761087684578746,3.9548089513487423,2.949021156845555,2.2308545047549364,1.710237757660542,1.3325808516253346,1.0561464051694407,0.8519697317287857,0.7019197737965449,0.5902104863604485,0.5050409084585705,0.43907269894778894,0.38578391713772886,0.34135865026178835,0.3054661470832401,0.2775569311716376,0.25596696921298606,0.23889092124149428,0.22417085548421462,0.20999918697567638,0.19609833481973257,0.18342933131343164,0.17286833558771802,0.16423463090973772,0.1567260950334211,0.1497192732061469,0.14262429008439895,0.1352428445555527,0.1285909362721766,0.12371252080362194,0.11992801811990204,0.11577526328988502,0.11089577490176608,0.10583431646090495,0.10098064672133428,0.09651906621741249,0.09258079174882916,0.08906232430673892,0.0858325596664343,0.08290204950345512,0.0799921117414767,0.07667129430241912,0.07319582754400375,0.0702043550028322,0.06759946927170539,0.06485517881583158,0.062069507727456924,0.059653645486782314,0.05754911213765846,0.05551330609258514,0.05353281839619155,0.0515902068534875,0.049608741006699215,0.047641606109577544,0.0457434474046248,0.04390888293414734,0.04222335882652586,0.040697750931549995,0.039164238538280535,0.03765161487550553,0.036387046762717985,0.03529599701305253,0.03410480459564502,0.032822499859068203,0.03158730562609826,0.03037214825521719,0.029163358319614193,0.028032979115595248,0.02698708728969347,0.026025570658210366,0.025178007924591152,0.024382998647495657,0.02355896394339504,0.022726199188700294,0.02191748878163015,0.021118558688683276,0.020338747097911794,0.019616206124113602,0.018962431790870454,0.01835672245018904,0.01777864682573139,0.0172199035837598,0.016667419863570926,0.016111552089698312,0.015569206954940415,0.015057378958169084,0.014569476185849457,0.014102397875799788,0.013662558867477855,0.013247272218029998,0.012851563390048995,0.012471828667246665,0.012103177228170472,0.011753338803083987,0.011434969781406564,0.01114196384469988,0.010859878516128988,0.010583432715333334,0.010310608237210465,0.010042810952807207,0.009790271192986215,0.009561912931075606,0.009357432026732532,0.009171790728315933,0.008998810901441553,0.00883176734115214,0.008665421480556303,0.008500049240980528,0.008340790302864338,0.008189938536461145,0.008049188935045408,0.007926942230917718,0.007826526589179577,0.007738263227695294,0.007655945001105806,0.007582560890916358,0.007518275185715735,0.0074608964218838844,0.0074140045144184515,0.00738554647522872,0.00737888054959648,0.007387132203573755,0.007401470925990912,0.007419846439783367,0.007442841269500194,0.007471779511444199,0.007509072625019847,0.0075554074343289895,0.007616724191720411,0.00770567957633891,0.007826283568759732,0.007972093813837735,0.00813870755700931,0.008326819258711099,0.008541994950556046,0.008795728357747412,0.009101488501281067,0.009465407562345797,0.009878355365787269,0.010331378662974849,0.010841367184058094,0.0114390781150014,0.012140337164439961,0.012951076377555196,0.013887397623536317,0.01497489250368184,0.016224742087154135,0.017620953557688532,0.019158287412426256,0.020874605758110173,0.022812125036308414,0.024976120518078022,0.027333122561875995,0.029806095031969522,0.032286889899831035,0.03466448079087374,0.036854626504435786,0.03887510596378457,0.040829837634861026,0.04274568586812878,0.044614807772600996,0.04658847153952019,0.0488200348377731,0.0512272459419146,0.05363111251988085,0.055882763570114374,0.05785856329812457,0.05959159296456148,0.061189545505477665,0.0626113488814059,0.06393101264455664,0.06566937055301261,0.06853605456631921,0.07269665682813134,0.07689743806944047,0.0787356315216662
5.95e-07,14.510959492794846,13.46649400376793,11.061789389385783,8.5495344529192,6.489057037299875,4.870186080203289,3.6461783087703274,2.767740207108212,2.1333504188908106,1.6633141148003032,1.3124799540524812,1.0500411206753137,0.8555330579765593,0.7126047193014503,0.6076138478454415,0.526642671790754,0.4581799554265005,0.40129694974157226,0.35747992099198744,0.32266581547158346,0.2932857790093621,0.26895112135597343,0.2501478925471332,0.23626959157047883,0.22442569652271516,0.21249883617934287,0.20092300233076582,0.19000957115468792,0.17940223799244648,0.16904787527208437,0.15920056268197372,0.15093732620776593,0.14505183803427035,0.14008940923638968,0.13429691419484985,0.1284336182673852,0.12362521561264374,0.1187984569461462,0.11334957081277992,0.10869589409351167,0.10492764733566345,0.10071585804866774,0.09647877798111089,0.09285541781304148,0.08882469922310066,0.0843466381438221,0.08071414986894153,0.07797844356843321,0.07537440141485453,0.0726613327050066,0.06977287523054232,0.06684646113618621,0.06414770118722868,0.06161645021668248,0.059291176477207726,0.05722056952465402,0.05499612849080027,0.05256937389648692,0.050452219212887305,0.04861931776122512,0.04671222051920244,0.04496263488628129,0.04360656983041524,0.04221328214853621,0.040477924006936006,0.038692119405212264,0.03704935050521627,0.035525426887288276,0.03424839650514999,0.033201841751110954,0.032170705274770534,0.031091343019202345,0.029981161250644737,0.028905231321710304,0.02789328642362658,0.02681029566177313,0.025737469716208935,0.024845788703509925,0.023962327855683776,0.023043095924995094,0.022259335447352434,0.021515093131799938,0.02074577269026923,0.02007324658094313,0.01944964553914482,0.018795475531067234,0.018163871044708634,0.01756854836522018,0.016979017393665984,0.01641008051476255,0.015896646889764443,0.015426251163298897,0.01495562645607755,0.014482109330799043,0.014021533946760034,0.013583803681689776,0.013177692387705468,0.012781297722269993,0.012383347404043994,0.01201368661740176,0.011680322116141563,0.011364830530046341,0.011063520037420718,0.01078254304766923,0.010523340280989016,0.010285004771514247,0.01006579344789625,0.00985472617485632,0.009641785528451402,0.009432546087864854,0.009230358680778199,0.009033575872121244,0.00885343352454301,0.008703806058360892,0.008581100680288358,0.008467305336607493,0.008352804058039539,0.008241281835124332,0.008137880847519027,0.008053767212233035,0.007990954323794677,0.007932462564561526,0.007878976495133451,0.007840726576338757,0.00780787207111275,0.007780508060664616,0.007774185415933739,0.0077895856722534395,0.007815847809393815,0.007848167447097671,0.007897610522477548,0.007978662729883734,0.008085816927785533,0.00819921857943065,0.008308481044847795,0.008430337433091227,0.008590410633121734,0.008793037983755346,0.009040156896398583,0.00933686837855089,0.009673668015513111,0.010053633394663556,0.010495176614741397,0.011009215961767413,0.011607209773367953,0.012281780405423133,0.013010413100812964,0.013815463870854288,0.014755155729436628,0.015869212544626397,0.017173953787553552,0.01867524153776894,0.020366092148066478,0.022231832483442984,0.024303902140919126,0.02665793236536684,0.029255640155046312,0.031961802288199934,0.03479055617408834,0.03776527738248597,0.04068385974253923,0.04344633233125364,0.04608387066611353,0.048453185116838486,0.05067598747494367,0.053169129300024424,0.055893044659049824,0.0586010151038941,0.06122431001361671,0.06357776043473476,0.06564471708362124,0.06769894475662488,0.06997352118294498,0.07242465950865609,0.07438663915088577,0.07572245564999262,0.07770821001911953,0.08110393382850606,0.0856520243758116,0.09048050658144663,0.09278000157794107
6.285714285714286e-07,10.890686479800113,10.434088913144915,9.220268434648233,7.6208548150282285,6.017026218310629,4.6438990069565795,3.5678469674218998,2.7546372484310924,2.1433168774441835,1.6829025221255633,1.3378830770264014,1.0818355593027795,0.8915812374262193,0.7467913934158404,0.6332062336442009,0.5435399833503883,0.47386976929427527,0.41982267823856356,0.37649609543355805,0.3404033717640128,0.3099553086319173,0.2843518070179433,0.26284699674858863,0.2448291665432598,0.22977402217430373,0.21692028145686074,0.2053458362158782,0.19448533775440077,0.18435948563076182,0.17518737546398863,0.16690873735061054,0.1591967365924161,0.15183649479744665,0.14490829123771184,0.1385685301912836,0.13278641746193204,0.12738702103499486,0.12226303101374975,0.11740428019732865,0.11273897590746201,0.10810664822985357,0.10346470586007811,0.09901304226209548,0.09499108300895762,0.09139469463309614,0.08800951905544331,0.08469265953203586,0.08146851398751101,0.07832972451498653,0.07513233713368361,0.07181366407197746,0.06858304927278412,0.0657169130120472,0.06321978544727686,0.06086643891900497,0.05855350210966437,0.056401580372257974,0.05447549117321993,0.05261634206546892,0.05065356716498554,0.048614504623614795,0.04660955573604452,0.044664420466007354,0.04279198457753206,0.04107958645444229,0.039554561318741584,0.03808836925439998,0.03658449582808166,0.03515018585593108,0.033931209823474126,0.03287282850713906,0.03179671739726288,0.030648435464544817,0.02953564967011288,0.028560072364373624,0.02770727881899998,0.02687574575523731,0.025960201167885135,0.024937978568909867,0.02389900893719441,0.022957142176874227,0.022136465539855033,0.021387708667502444,0.020684257106514958,0.020031070952097326,0.019404293761845118,0.018761196997883634,0.018104995310860614,0.017482795555041165,0.0169230363958188,0.016411130699849983,0.01591661350403654,0.01542006521949866,0.014925170841704312,0.014456916115176566,0.014036000106825356,0.013653447740009234,0.013282911081059303,0.012911937849570744,0.01254892417023548,0.012208803896608096,0.011900886452882434,0.011619024606351318,0.011338622486069401,0.011036224851886375,0.010715482174619151,0.010405594678531025,0.01013696737576874,0.009923497884303557,0.009758803394050927,0.009621691723388861,0.009491351485610281,0.009359288870215766,0.009223353733185518,0.009080339978552657,0.008934969088151048,0.0088041288299133,0.008698460428310047,0.008608395169163119,0.008517555491712587,0.008421322660187585,0.008327868849824758,0.008250345338043549,0.008199593361919688,0.008176975321450734,0.008175219473547456,0.008187838064690927,0.008210089857380382,0.008233010053607413,0.008252187265036067,0.008282299683190471,0.008347111976618972,0.008456068503101365,0.008603612970544036,0.008785132537562619,0.008999540057507378,0.009243351370220556,0.009514481205411457,0.00981594371945759,0.0101498178755623,0.010515518807982835,0.010916824572789714,0.011364621330751157,0.011876082662501706,0.01247675809026027,0.013194965357654196,0.014046795360067702,0.015033772605319788,0.01615865273491709,0.017437447116073933,0.018898717280874815,0.020576973700480932,0.022496189090155026,0.024647542422141656,0.0269910914038103,0.02949152095963735,0.032147049929525266,0.03496461436987759,0.03789622497401818,0.04082980821418407,0.04370251804159114,0.04660756647775368,0.04965796122329666,0.052695069414925313,0.055322400658346545,0.05740645621812545,0.059396118019457794,0.0618932422857227,0.06496913543761183,0.06812669515002238,0.07087579647596545,0.07312402479084439,0.07504875819258237,0.07681122829073461,0.07846590402952965,0.08017093435324167,0.08254964689064248,0.08654099313031992,0.0922327052712442,0.0977436709639046,0.10007850833741169
6.621428571428571e-07,10.999897639443455,10.472826517424679,9.100263129500867,7.365782690348712,5.728862370711435,4.417512637125657,3.4343291921191845,2.6904821680323914,2.1136417430226886,1.6682103001496436,1.3312252369981095,1.078574422702042,0.8887912203362619,0.746361664499734,0.6387836534704762,0.5547340725716928,0.48610300880164864,0.4292830955724873,0.3832472919199195,0.34692478885281347,0.3182304259441488,0.2944748780941375,0.2732828420749488,0.2535595526401471,0.23572413299211004,0.2206886667293523,0.20851878038332064,0.19823676871766627,0.18878687013140946,0.17983519341705642,0.17158630054602209,0.16411445736433133,0.15707195463567267,0.15000374878792128,0.14284424909418708,0.13602261109007588,0.1299898525333455,0.12465242751523811,0.11943070650689287,0.11395362512100717,0.1085265985683851,0.10374379004472271,0.09975602730671923,0.09614952282877548,0.09250768033894645,0.08883550198159174,0.08536100052531252,0.08214095000518774,0.07902545652755406,0.07588792543838338,0.07271908197658637,0.06955456553835315,0.06647142775872635,0.06363256825095744,0.061170858180133694,0.05900266016513388,0.05688873956766912,0.05471382728621161,0.05257552697387151,0.05055769114891504,0.04858269395277486,0.04659242714093157,0.04471781886956154,0.04309558101660726,0.04162164452779363,0.04009117575847132,0.03852725854308126,0.03714078093715681,0.03596063398822873,0.034748071723747546,0.033364097749498244,0.03200575280735886,0.03091905186772859,0.030027514821700532,0.02904192187341067,0.027866816683264187,0.026700287733703056,0.025731286165743845,0.02491139503423379,0.024082684195522237,0.023201735198642114,0.02234444565092085,0.021563595296767296,0.020842277630540463,0.020163633099645202,0.019540234678705908,0.018964698214359865,0.01838995255400581,0.01777976972798892,0.01714707972227515,0.01653261044337281,0.015972748181079507,0.015489607140950106,0.015078029055801445,0.014694358554514621,0.014288172300416273,0.013852955528934842,0.013421739586529495,0.013016837242596762,0.01263728949762442,0.012290003243154626,0.011988183406763466,0.011715190911364266,0.011434549458549692,0.01114386781203975,0.010876621115717838,0.010642758502292803,0.010412107193237282,0.010168358147720614,0.009935296702933877,0.00973240406064803,0.009543624479443048,0.009349742154975168,0.009159795574621701,0.008993117149014837,0.008857215728512804,0.008756245465802667,0.008694516373553233,0.008658297955746266,0.008617179534853489,0.008556105950625802,0.00848944862108787,0.008437433888886358,0.008405711151768911,0.008391429028122104,0.00839098207588469,0.008396205734848573,0.008397252554766222,0.00839495838181677,0.008403502708684086,0.00844158356278422,0.008525323032993637,0.008661970360172728,0.008842557111051995,0.009047779052302505,0.009266588461661153,0.009500722346572586,0.009751287700550317,0.010018555917913839,0.010318025396456003,0.010674981142155357,0.011096623760151886,0.01157281864803468,0.012113125926504991,0.01275806971679791,0.013541743589727167,0.014466862066533252,0.015526681145562592,0.016722329823817772,0.018045466377422072,0.01948028598302745,0.021047596971949765,0.022813467307675337,0.024824268099285555,0.027067090646395123,0.029528955522886063,0.032250628647447606,0.03526028049735107,0.03847865388100251,0.04174544637789127,0.044906223570090935,0.047822793004238945,0.050394469797432104,0.05271567216958625,0.05513691428121327,0.057938913991865175,0.060949560483333595,0.06373236627683578,0.06615612284499332,0.0684395173945186,0.07059801139911856,0.07236501243297742,0.07389414961080305,0.07592842552192981,0.07877284611960879,0.08171755219340039,0.08429000300290802,0.08749827912835956,0.09247180005066176,0.09789267307978333,0.10033141798568827
6.957142857142857e-07,9.785989121041576,9.358808539031083,8.259334270536407,6.875975058404392,5.526220177018217,4.3525599254881815,3.392944206250252,2.6470056299283495,2.0846394608638423,1.6594447709891402,1.335525085557006,1.091208717349857,0.907136510616782,0.7652720020026056,0.6537982188547545,0.5655348668231366,0.49499197286698793,0.4383543548977899,0.3927211225431062,0.3551647674269408,0.32383297535952743,0.2981993896884978,0.2772696886683624,0.2592180875318015,0.2430345657855069,0.22888875778954942,0.21662532555739683,0.2051271262109011,0.1935563296954333,0.1823844276894741,0.17254909617637512,0.16408170623784984,0.15633823394047816,0.14918884690987524,0.14297845425446892,0.13751659193085844,0.13212691305693824,0.12661562723752837,0.12130669706371384,0.11625553572319726,0.11127498656193663,0.10656082879655257,0.1024329614564446,0.09862241030290367,0.09463710400326442,0.09063188475980173,0.08710371716732655,0.08395339570360466,0.08064516137465276,0.0770902067867424,0.07366580128687689,0.07053811323059805,0.06754973668791595,0.06464833029439071,0.06197669698299653,0.05958600412068879,0.05735880662575394,0.0552134376887172,0.05317102280388994,0.05120451920457336,0.04924092319227725,0.04734830381774073,0.04566115512008996,0.044101364494129484,0.04247917996404747,0.04082048353909383,0.03925578430185824,0.03774645303998572,0.036257207456121925,0.03491690900769749,0.03372860213886364,0.03250318618985708,0.031240057108681853,0.030121623382821462,0.02912063359579036,0.028080661978069955,0.027056667897860855,0.026164979695734645,0.025332091918445224,0.024483942233470116,0.023684660088197723,0.02293900587070718,0.02216171343016462,0.021360957244100764,0.020605423985986263,0.01989243343668085,0.019203667333601477,0.01855611547380419,0.017939113214042256,0.017332585664482817,0.016763250783699068,0.016251365276576092,0.01577436057147958,0.0153172948148716,0.014879045584626034,0.014448383997167644,0.014030165377894544,0.01364198583958971,0.013270382012813385,0.012893247634097433,0.012523076338944958,0.01217899211720096,0.011857357302875274,0.011549956502608712,0.011251978731916966,0.010962277918817102,0.010696925069327814,0.010472736261069674,0.010278189895391301,0.010090753038149448,0.009904299801428845,0.009723180718635243,0.009554915008221348,0.009409314164124943,0.009287607979624617,0.009181736773239345,0.009084052501562656,0.008988550293745507,0.008896736402100331,0.008819723040350813,0.008757457886984158,0.00869663504498315,0.008640180521903254,0.00860642453223754,0.008598514003316316,0.008602651803148901,0.008605965179346477,0.008603967384602403,0.008606269420250928,0.008632747681163427,0.008698143829835565,0.008810969293371367,0.008972909563020883,0.009166023804694227,0.009367802115454453,0.00958227838450994,0.009829039435485569,0.010115538158606274,0.010440630969943642,0.01080552270766101,0.011216850586404757,0.011691890952042658,0.012249364716953525,0.012895025363394484,0.013628297937831092,0.014448014584127856,0.015351713604746046,0.01635238853140208,0.017487195178696065,0.018803397337551018,0.020345253700265943,0.022125144138711184,0.024107039583720742,0.026267577216519157,0.02862875299522375,0.03117637997963311,0.033845494886037254,0.036611333613138085,0.03946890964964225,0.0423806869663507,0.045342337602844195,0.0483052497160092,0.05102435684349537,0.0533376956894892,0.05549262464426684,0.05778065690972774,0.06015558961140446,0.06258229784443005,0.0651925088113415,0.06784844811144793,0.07030588581141936,0.07275457112527906,0.0753161050978809,0.07747395021938969,0.07898979665370866,0.08069882979126337,0.08364489883819777,0.08819619563161768,0.09396868479983406,0.09934356624146182,0.10162152734274779
7.292857142857143e-07,8.791768186836958,8.445083075370754,7.52533778309029,6.31804044187365,5.111734680833517,4.076135474254761,3.249561975905875,2.6011430529494803,2.091236642953202,1.691823766645731,1.381276313001751,1.1395440136111383,0.9500560277858545,0.8011298036524416,0.6839980441733204,0.591100338448591,0.5165188900002887,0.4564335994057405,0.40817938894586037,0.36919826675931633,0.33706286633079824,0.30989910222855677,0.28634721353807485,0.265385777500522,0.24650987553710135,0.2298597670336756,0.21576417962965275,0.2040648956298556,0.1940095625062385,0.1847896546486722,0.17604755534837807,0.16785300940550524,0.16032897725894496,0.15338403303908488,0.14674452791467404,0.14016169020300448,0.13359032898207504,0.12721029372468604,0.12127629601543559,0.11591423157661053,0.11104511274816471,0.10650128938551819,0.10219512834854318,0.09815374114061215,0.09441054921119862,0.09091442058493315,0.08756448986915166,0.08429820699934927,0.08110604592754074,0.07797286656899324,0.07485515064638294,0.07174138166818432,0.06870624376125728,0.06585787989300741,0.06321952164360402,0.06069555719741661,0.05818458879873348,0.055709792155034875,0.05339812823683664,0.05133264067034725,0.04947327992112466,0.04773770991831406,0.04609687299727792,0.044535365408754565,0.04297091103485223,0.04131882879612521,0.03964193486399219,0.038130250438047616,0.036874485819960105,0.035733488621819895,0.034501419480802875,0.033154737977232944,0.03184523740145375,0.03068009306781765,0.02961447257769786,0.028566421207032868,0.027532914187940422,0.026548458480984707,0.02560850781337519,0.024696965147319325,0.023841633209733235,0.023080913625617604,0.022399443305296526,0.021742498011903172,0.021075648189383914,0.020396070992548903,0.019709395102884403,0.019032641903191337,0.018398660129300137,0.01781994466058324,0.017264848366571495,0.016703195352267892,0.01615676297619508,0.015668583317751478,0.015238550143204514,0.014827102904650488,0.014410833084747608,0.013997715958580993,0.013596094564048374,0.013205326323601956,0.01283390753420208,0.012494218140169865,0.012179660493778185,0.011873932516163513,0.01158019969023351,0.011314458712751533,0.011072812276657214,0.010832884903147435,0.010588053845292775,0.010355274879697448,0.01014815515600948,0.009966136955383205,0.009810977559681435,0.009687918313526637,0.009585011003167065,0.009475133896176543,0.009348285621939973,0.009224216325035513,0.009125403575332664,0.009054057261918444,0.009002442213460735,0.008967281409412636,0.008942766419847283,0.008915056827980944,0.008878168159253491,0.008846081171923032,0.008837570315501447,0.008856498885632048,0.008896772402423075,0.008959352642996786,0.009054259101365304,0.009190957329221225,0.009374826635106958,0.00960700000167743,0.009878378141630355,0.010168271555318008,0.010459007475409933,0.010751918023015766,0.011064450996239653,0.01141486477253184,0.011815094239848629,0.012274504068510396,0.012802568345365431,0.013408160386493407,0.014102544463914386,0.014904282005885509,0.015835700594852845,0.016910745080157105,0.01813057323443251,0.019499877605820354,0.021048034084107898,0.02281963778834231,0.024832208430901583,0.02705647006210165,0.029458219054574054,0.0320416092588563,0.0348093533378523,0.037690699122936835,0.04057687806874701,0.043441171754178574,0.04633348924054525,0.04920240744622214,0.05182468343104863,0.05402806915680653,0.05591816792894913,0.05774674896066074,0.059611226925183385,0.06146051825453709,0.06335056525622068,0.0654379182784151,0.06769534778135375,0.06993521771042592,0.07222463071333833,0.07494688420205553,0.0782532666808352,0.08184020266391195,0.08562975436428807,0.09021757520192812,0.09586067626016828,0.10109465281320942,0.10329012820061276
7.628571428571428e-07,7.939196787410786,7.680858717687481,6.9737530327940505,5.990622221026778,4.935052746533602,3.967414930139754,3.167484169923522,2.5421538002656012,2.0594163840493267,1.6816458720573864,1.3821457020110604,1.1454292022430383,0.9608286473792035,0.8178487396113976,0.705696092300958,0.6150388193921049,0.5394418903579787,0.4754390206585928,0.42158158554274555,0.37720942489384957,0.3414882853661888,0.3129719154705655,0.28972155578283837,0.2698045308975305,0.2518330580704902,0.23521559011573392,0.2200054986317537,0.20650054376561927,0.1948702933790353,0.1849975481550722,0.1765292817780199,0.1690146989819582,0.16202697088684237,0.1552460717876035,0.1485179548281767,0.14187764475123707,0.1354950821174442,0.12953757631206056,0.1240270536810642,0.11881356300937405,0.11371219909536828,0.10869603015968458,0.10395209915534782,0.09971114116071443,0.09598879003431056,0.09249923169918325,0.08886215865765489,0.08493168934606397,0.08093147012143583,0.0772548244068169,0.07411861075885548,0.07140253870350151,0.06880998222362587,0.066160342207128,0.06351161300331358,0.06102070271759317,0.05873470536490643,0.05655358207961586,0.05437962429679898,0.052247543196494606,0.050269482315110345,0.048470342794863175,0.04672963982934238,0.04491420034295708,0.04304663840407409,0.041303665854304776,0.03983671260103593,0.038612316253684546,0.037441496929125524,0.036155190409273466,0.034740750149267745,0.03332288125567854,0.03203859490941231,0.03093231197218406,0.029942638320686454,0.028964844221977096,0.027932689603734368,0.026864975272110653,0.025844134596683967,0.024940291049239678,0.0241463468474861,0.023388616990450594,0.022603191751888414,0.021796409529020372,0.02102721565126626,0.02033920642914579,0.019721092205820343,0.019130405148929205,0.018541229219805645,0.017961910245688745,0.017414371060878227,0.01690590077046559,0.0164202924105589,0.0159311100027191,0.015424722093830286,0.01491558133058509,0.014438394344823323,0.014019334316026456,0.013652858159696414,0.013310301911279215,0.012971897664195736,0.012645025185689756,0.012348197120881291,0.012082854040498752,0.011828238214618597,0.011563722163547742,0.01129085588541132,0.011031818328112338,0.01080855664054375,0.010622988452016311,0.010454012472382469,0.010274312036787286,0.010075935720671638,0.009882249299041856,0.009729905899219316,0.009633816219900757,0.009571578024790766,0.009506071750861845,0.009420728300485072,0.009327752204077413,0.009245850603993645,0.009181313991984456,0.00913410163715223,0.009110915791770473,0.009120321097759487,0.00915782373383553,0.009207176658879377,0.009258877301910225,0.00931892353354004,0.009395460998130194,0.009485367833174942,0.009582676983900999,0.009695780824146256,0.00984501273019162,0.010040856194181057,0.010272798494940685,0.010525451551802206,0.010801816241690543,0.011125120239956904,0.011519006909757728,0.011990441103308314,0.01253229586949678,0.01313940358100624,0.013820858573569085,0.014597507849241442,0.015486782684757512,0.016489629111557682,0.017596759801386988,0.01881348016463475,0.02017617369520721,0.021734565114192427,0.02351275398359127,0.025493925818506038,0.027650266025291137,0.029983177155874906,0.03252258227512816,0.03528195623290192,0.038215846762393015,0.04121708499438764,0.044144479881111455,0.04685565567776805,0.04924432867061141,0.051291685153563714,0.0531075323075183,0.05490429732799639,0.05687794989985054,0.059059869985084584,0.0612729957800685,0.06328331918322516,0.06506831660324713,0.0669512388992206,0.06938879244711678,0.07252818526312098,0.07599434363207888,0.07926915246853987,0.08239717350598318,0.08620649101780604,0.09153110142636157,0.09798561404090284,0.10357227419152684,0.10580962875718092
7.964285714285715e-07,7.6660477838307735,7.334076987549734,6.503075355002038,5.5085404631855575,4.584077047197737,3.783767507687602,3.09363361269498,2.516688684187025,2.0568369965771165,1.6944016960479629,1.4031372273002964,1.1682677175938345,0.9819094628239917,0.8355438480170682,0.7202134522141739,0.6277413560547321,0.5514066836616582,0.48732969452940433,0.43385957113597284,0.38938606239323026,0.3520838278483293,0.3209234619628203,0.29535173531575715,0.2743069933846492,0.2562400094781667,0.23994442978816702,0.22518311763275517,0.21231372287236328,0.20114383988827317,0.19070520745667036,0.18053454518405615,0.1712952875184997,0.16346699136454113,0.1563273943781907,0.14903730036176727,0.14191869634096027,0.1357496636587734,0.13039502004065853,0.12509265130894767,0.11974188516458151,0.11491453072278494,0.110666480163934,0.1063109057915228,0.10154424689258547,0.09693688758746483,0.0929969899594992,0.08946664113326915,0.08588193220548834,0.08223436905062599,0.07875804899541548,0.0755224241142528,0.07249074001482073,0.06964029736584718,0.0668600516926156,0.0640073881610559,0.06118007803953937,0.05868825735919687,0.05664866016193046,0.05481977381211368,0.05294130338643081,0.051003304115135484,0.049060318344029005,0.04708080604317297,0.04516094925055836,0.043535105350295936,0.04215885419635801,0.04068248314018912,0.0390240377120575,0.037474535491918995,0.03610126312586096,0.034658461142139295,0.033182631335891936,0.03199100724989552,0.03104984197506423,0.030028133409441635,0.028916967297343443,0.0279553753362369,0.027116485853970956,0.026227719494830316,0.0253406498053007,0.024549018755179456,0.023752053546180936,0.022879381806337248,0.022033683687597675,0.021281939699672788,0.020581916252957102,0.019916369549665885,0.019294888060440475,0.018696558659606233,0.01811926765466468,0.017584594639498477,0.01707825280556624,0.016574485640698956,0.01607343509798373,0.015572512618815808,0.015076135964800607,0.014620573950761674,0.0142183640553804,0.013834191318536802,0.01345342999193246,0.01309471320409439,0.012759240647672365,0.012445633256157787,0.012172578285678054,0.011932863696419483,0.011692313643637748,0.011452101900686093,0.011235834594239713,0.011032227991092176,0.01082111115199264,0.010617233227843617,0.010438990650616271,0.010279931216409958,0.010130774508179188,0.009988139630946476,0.009849148928627201,0.00972254350693531,0.009617639687832419,0.009520208538833973,0.00941754600561906,0.009330102335013395,0.009283503973036324,0.009278149820135518,0.009303640157240547,0.009348313120742564,0.009395619048208398,0.00943936047366981,0.009487672468915086,0.009543567565115206,0.00960650577350709,0.009683497507189668,0.009778593327146562,0.009893970424112566,0.010042093794132931,0.010229110261894122,0.010449764594515994,0.010719430653491352,0.011067278356122298,0.011493217262099894,0.011979924129678068,0.012527373658290524,0.013137565619961655,0.01380608619661865,0.014542964701365506,0.015356011385768798,0.01623627845783175,0.017199787744873296,0.018293815467947293,0.019548702290584388,0.020979961745404636,0.0225995558064309,0.02437221097463073,0.02624427874411813,0.028236154886354878,0.030397868843652014,0.032728090270351964,0.03525098490923415,0.03800443829879681,0.0408318575567503,0.04344473861404794,0.045774064278591195,0.04795404594053919,0.050001984521888206,0.05187578822622217,0.05368895480544665,0.0555422560289307,0.05740897669677948,0.059332319971677,0.061343027605267754,0.06331382526000699,0.0653556613985589,0.06784161076035075,0.07060829899478972,0.07312871771103509,0.07582220545978163,0.07978556836142724,0.08506455784817497,0.0907417346221773,0.09628584706699451,0.10096367442023817,0.10291638253092478
8.3e-07,6.476619069158701,6.284732201092588,5.765514285389005,5.055297887287909,4.298622926708764,3.5923159900162833,2.975758919015517,2.453929657484105,2.021323412046278,1.6704592797346873,1.3908483132410185,1.169170272988881,0.9925887349252005,0.8510824203142502,0.7370380213966401,0.6441694476857578,0.5674651689935453,0.503526949020181,0.4502487843083581,0.4060349935180633,0.3692988761670088,0.3384098880858572,0.31183791425570345,0.2883886817280548,0.2674614369683519,0.24903612095127742,0.2332182186806681,0.21971674569109198,0.20782636661093978,0.1969185680852626,0.18682237655124515,0.1776438447608205,0.16931229929754898,0.16146320754214563,0.15377792398707713,0.1462913324778126,0.13925507242774673,0.13276425051551688,0.12666411100746272,0.12084114383657205,0.11544959546013242,0.11070899703393028,0.10653048383880372,0.10251305484900969,0.0983614266506128,0.09418116021811046,0.09026163649510037,0.08666378867131769,0.08318228864127182,0.07969421049890221,0.07635704765815521,0.07336782711127716,0.07064930243759174,0.0679246331235799,0.06507024621189406,0.06225538594099821,0.05970814511198722,0.05745723993002436,0.055363213199365234,0.0533116542915477,0.05127919225899565,0.049260735144823986,0.04725233441691427,0.04531844758508486,0.043579943352249025,0.04208506948752688,0.04074042154254406,0.039406923343768274,0.03802713191260127,0.03663002261896786,0.03525664133798919,0.03392854714719077,0.03266200647570314,0.031465163039879375,0.030329907609100037,0.029254567456725483,0.028255180211624688,0.027325651587417333,0.026414983635462415,0.025486439237142236,0.024577766155147864,0.023753359373907587,0.02300929292414029,0.022279254201100333,0.021533138135633425,0.020815032701659263,0.02016998935823376,0.019580362565484205,0.018999566804539396,0.018414992542457553,0.017848455097557846,0.017314347442442774,0.016804549693827605,0.016307161078557092,0.015820946087217146,0.015352673508871128,0.01491043168301328,0.014498407812055735,0.01411352877851636,0.013749788001978255,0.013407678464895979,0.013094745540552118,0.012814400405222621,0.012557468101472517,0.012306567410749652,0.012047869035342926,0.011780180720837061,0.011514994622080166,0.011266301293979175,0.011038684451605907,0.01082694607663484,0.010626875175092898,0.010441665833094655,0.01027722243073088,0.010137417434259709,0.010026224270357839,0.009947535560933972,0.009897075110488438,0.009857956089936677,0.009810738397387966,0.00974994554780961,0.009689548391042682,0.009650563730729901,0.009641450940557534,0.009650911523935532,0.009662623670508965,0.00967653112317196,0.00971049665338016,0.00978017308951604,0.009884212134052014,0.010012605974157292,0.010162270111441458,0.010338098336527551,0.010543912472493117,0.010780177009145546,0.011048882034022644,0.011354071858197822,0.011696757531079089,0.012073727965170221,0.012484631749765605,0.012940569997053786,0.01346351149111121,0.014073689822205466,0.014777812058866318,0.01557489215782953,0.016474292738819684,0.017499750365832064,0.018672484762295317,0.020001341939022494,0.021496354048535775,0.02317607027629146,0.02504081814822468,0.027045228584293677,0.029125731163706908,0.031267776184226756,0.033526019944736966,0.03595318654157475,0.0385111210654806,0.041074018874411866,0.04352438498777771,0.04582188604545468,0.04796480531305926,0.04991938845349535,0.051636484323028246,0.05313393650437163,0.05451978708473247,0.05593340915237836,0.057501145896819414,0.05932310017783318,0.061409322733567216,0.06362031965311742,0.06579878595413959,0.06803687918504102,0.07071355020729549,0.07417882860258743,0.07850009757901368,0.08358771147489402,0.08931536588246941,0.09516348499447641,0.09981786541877866,0.10162757964029784
