theta,440.0,550.0,680.0
0.0,0.1193662073189215,0.1193662073189215,0.1193662073189215
0.003070960560693835,0.11936564446135062,0.11936564446135062,0.11936564446135062
0.00614192112138767,0.11936395590987062,0.11936395590987062,0.11936395590987062
0.009212881682081505,0.1193611417281789,0.1193611417281789,0.1193611417281789
0.01228384224277534,0.11935720202243506,0.11935720202243506,0.11935720202243506
0.015354802803469174,0.1193521369412569,0.1193521369412569,0.1193521369412569
0.01842576336416301,0.11934594667571487,0.11934594667571487,0.11934594667571487
0.021496723924856843,0.11933863145932484,0.11933863145932484,0.11933863145932484
0.02456768448555068,0.11933019156803926,0.11933019156803926,0.11933019156803926
0.027638645046244515,0.11932062732023681,0.11932062732023681,0.11932062732023681
0.030709605606938348,0.11930993907671032,0.11930993907671032,0.11930993907671032
0.033780566167632184,0.11929812724065324,0.11929812724065324,0.11929812724065324
0.03685152672832602,0.11928519225764436,0.11928519225764436,0.11928519225764436
0.039922487289019856,0.11927113461563103,0.11927113461563103,0.11927113461563103
0.042993447849713685,0.11925595484491076,0.11925595484491076,0.11925595484491076
0.04606440841040752,0.1192396535181112,0.1192396535181112,0.1192396535181112
0.04913536897110136,0.11922223125016852,0.11922223125016852,0.11922223125016852
0.052206329531795194,0.11920368869830429,0.11920368869830429,0.11920368869830429
0.05527729009248903,0.11918402656200064,0.11918402656200064,0.11918402656200064
0.05834825065318286,0.11916324558297381,0.11916324558297381,0.11916324558297381
0.061419211213876695,0.11914134654514624,0.11914134654514624,0.11914134654514624
0.06449017177457053,0.11911833027461706,0.11911833027461706,0.11911833027461706
0.06756113233526437,0.11909419763963076,0.11909419763963076,0.11909419763963076
0.0706320928959582,0.1190689495505446,0.1190689495505446,0.1190689495505446
0.07370305345665204,0.11904258695979415,0.11904258695979415,0.11904258695979415
0.07677401401734588,0.11901511086185748,0.11901511086185748,0.11901511086185748
0.07984497457803971,0.11898652229321749,0.11898652229321749,0.11898652229321749
0.08291593513873353,0.11895682233232298,0.11895682233232298,0.11895682233232298
0.08598689569942737,0.11892601209954781,0.11892601209954781,0.11892601209954781
0.08905785626012121,0.11889409275714875,0.11889409275714875,0.11889409275714875
0.09212881682081504,0.11886106550922164,0.11886106550922164,0.11886106550922164
0.09519977738150888,0.11882693160165582,0.11882693160165582,0.11882693160165582
0.09827073794220272,0.11879169232208733,0.11879169232208733,0.11879169232208733
0.10134169850289655,0.11875534899985019,0.11875534899985019,0.11875534899985019
0.10441265906359039,0.11871790300592634,0.11871790300592634,0.11871790300592634
0.10748361962428422,0.11867935575289386,0.11867935575289386,0.11867935575289386
0.11055458018497806,0.11863970869487375,0.11863970869487375,0.11863970869487375
0.1136255407456719,0.11859896332747498,0.11859896332747498,0.11859896332747498
0.11669650130636572,0.11855712118773817,0.11855712118773817,0.11855712118773817
0.11976746186705955,0.11851418385407757,0.11851418385407757,0.11851418385407757
0.12283842242775339,0.11847015294622147,0.11847015294622147,0.11847015294622147
0.12590938298844723,0.11842503012515122,0.11842503012515122,0.11842503012515122
0.12898034354914106,0.11837881709303841,0.11837881709303841,0.11837881709303841
0.1320513041098349,0.11833151559318081,0.11833151559318081,0.11833151559318081
0.13512226467052874,0.11828312740993648,0.11828312740993648,0.11828312740993648
0.13819322523122257,0.1182336543686566,0.1182336543686566,0.1182336543686566
0.1412641857919164,0.11818309833561648,0.11818309833561648,0.11818309833561648
0.14433514635261024,0.1181314612179452,0.1181314612179452,0.1181314612179452
0.14740610691330408,0.11807874496355374,0.11807874496355374,0.11807874496355374
0.15047706747399792,0.11802495156106133,0.11802495156106133,0.11802495156106133
0.15354802803469175,0.11797008303972066,0.11797008303972066,0.11797008303972066
0.1566189885953856,0.11791414146934115,0.11791414146934115,0.11791414146934115
0.15968994915607942,0.11785712896021092,0.11785712896021092,0.11785712896021092
0.16276090971677326,0.11779904766301721,0.11779904766301721,0.11779904766301721
0.16583187027746707,0.11773989976876527,0.11773989976876527,0.11773989976876527
0.1689028308381609,0.1176796875086956,0.1176796875086956,0.1176796875086956
0.17197379139885474,0.11761841315419992,0.11761841315419992,0.11761841315419992
0.17504475195954858,0.11755607901673534,0.11755607901673534,0.11755607901673534
0.17811571252024241,0.11749268744773737,0.11749268744773737,0.11749268744773737
0.18118667308093625,0.11742824083853096,0.11742824083853096,0.11742824083853096
0.1842576336416301,0.1173627416202405,0.1173627416202405,0.1173627416202405
0.18732859420232392,0.11729619226369799,0.11729619226369799,0.11729619226369799
0.19039955476301776,0.11722859527934991,0.11722859527934991,0.11722859527934991
0.1934705153237116,0.1171599532171625,0.1171599532171625,0.1171599532171625
0.19654147588440543,0.11709026866652546,0.11709026866652546,0.11709026866652546
0.19961243644509927,0.11701954425615446,0.11701954425615446,0.11701954425615446
0.2026833970057931,0.11694778265399183,0.11694778265399183,0.11694778265399183
0.20575435756648694,0.11687498656710602,0.11687498656710602,0.11687498656710602
0.20882531812718078,0.1168011587415893,0.1168011587415893,0.1168011587415893
0.2118962786878746,0.11672630196245443,0.11672630196245443,0.11672630196245443
0.21496723924856845,0.11665041905352942,0.11665041905352942,0.11665041905352942
0.21803819980926228,0.11657351287735104,0.11657351287735104,0.11657351287735104
0.22110916036995612,0.11649558633505684,0.11649558633505684,0.11649558633505684
0.22418012093064996,0.11641664236627575,0.11641664236627575,0.11641664236627575
0.2272510814913438,0.11633668394901713,0.11633668394901713,0.11633668394901713
0.2303220420520376,0.11625571409955845,0.11625571409955845,0.11625571409955845
0.23339300261273144,0.11617373587233158,0.11617373587233158,0.11617373587233158
0.23646396317342527,0.11609075235980743,0.11609075235980743,0.11609075235980743
0.2395349237341191,0.11600676669237939,0.11600676669237939,0.11600676669237939
0.24260588429481295,0.11592178203824521,0.11592178203824521,0.11592178203824521
0.24567684485550678,0.1158358016032875,0.1158358016032875,0.1158358016032875
0.24874780541620062,0.1157488286309528,0.1157488286309528,0.1157488286309528
0.25181876597689445,0.11566086640212918,0.11566086640212918,0.11566086640212918
0.2548897265375883,0.11557191823502252,0.11557191823502252,0.11557191823502252
0.2579606870982821,0.11548198748503134,0.11548198748503134,0.11548198748503134
0.26103164765897596,0.11539107754462019,0.11539107754462019,0.11539107754462019
0.2641026082196698,0.11529919184319173,0.11529919184319173,0.11529919184319173
0.26717356878036363,0.11520633384695726,0.11520633384695726,0.11520633384695726
0.27024452934105747,0.11511250705880612,0.11511250705880612,0.11511250705880612
0.2733154899017513,0.11501771501817339,0.11501771501817339,0.11501771501817339
0.27638645046244514,0.11492196130090647,0.11492196130090647,0.11492196130090647
0.279457411023139,0.11482524951913013,0.11482524951913013,0.11482524951913013
0.2825283715838328,0.11472758332111037,0.11472758332111037,0.11472758332111037
0.28559933214452665,0.1146289663911166,0.1146289663911166,0.1146289663911166
0.2886702927052205,0.11452940244928284,0.11452940244928284,0.11452940244928284
0.2917412532659143,0.11442889525146725,0.11442889525146725,0.11442889525146725
0.29481221382660816,0.11432744858911058,0.11432744858911058,0.11432744858911058
0.297883174387302,0.114225066289093,0.114225066289093,0.114225066289093
0.30095413494799583,0.11412175221358986,0.11412175221358986,0.11412175221358986
0.30402509550868967,0.11401751025992593,0.11401751025992593,0.11401751025992593
0.3070960560693835,0.11391234436042838,0.11391234436042838,0.11391234436042838
0.31016701663007734,0.11380625848227852,0.11380625848227852,0.11380625848227852
0.3132379771907712,0.113699256627362,0.113699256627362,0.113699256627362
0.316308937751465,0.11359134283211798,0.11359134283211798,0.11359134283211798
0.31937989831215885,0.11348252116738686,0.11348252116738686,0.11348252116738686
0.3224508588728527,0.11337279573825657,0.11337279573825657,0.11337279573825657
0.3255218194335465,0.11326217068390787,0.11326217068390787,0.11326217068390787
0.3285927799942403,0.11315065017745816,0.11315065017745816,0.11315065017745816
0.33166374055493414,0.11303823842580404,0.11303823842580404,0.11303823842580404
0.334734701115628,0.11292493966946261,0.11292493966946261,0.11292493966946261
0.3378056616763218,0.11281075818241149,0.11281075818241149,0.11281075818241149
0.34087662223701565,0.11269569827192769,0.11269569827192769,0.11269569827192769
0.3439475827977095,0.11257976427842499,0.11257976427842499,0.11257976427842499
0.3470185433584033,0.11246296057529029,0.11246296057529029,0.11246296057529029
0.35008950391909716,0.11234529156871863,0.11234529156871863,0.11234529156871863
0.353160464479791,0.11222676169754695,0.11222676169754695,0.11222676169754695
0.35623142504048483,0.11210737543308662,0.11210737543308662,0.11210737543308662
0.35930238560117866,0.11198713727895482,0.11198713727895482,0.11198713727895482
0.3623733461618725,0.11186605177090467,0.11186605177090467,0.11186605177090467
0.36544430672256634,0.11174412347665402,0.11174412347665402,0.11174412347665402
0.3685152672832602,0.11162135699571325,0.11162135699571325,0.11162135699571325
0.371586227843954,0.1114977569592117,0.1114977569592117,0.1114977569592117
0.37465718840464785,0.11137332802972301,0.11137332802972301,0.11137332802972301
0.3777281489653417,0.11124807490108922,0.11124807490108922,0.11124807490108922
0.3807991095260355,0.11112200229824364,0.11112200229824364,0.11112200229824364
0.38387007008672935,0.11099511497703272,0.11099511497703272,0.11099511497703272
0.3869410306474232,0.1108674177240366,0.1108674177240366,0.1108674177240366
0.390011991208117,0.11073891535638852,0.11073891535638852,0.11073891535638852
0.39308295176881086,0.11060961272159309,0.11060961272159309,0.11060961272159309
0.3961539123295047,0.11047951469734353,0.11047951469734353,0.11047951469734353
0.39922487289019853,0.11034862619133753,0.11034862619133753,0.11034862619133753
0.40229583345089237,0.11021695214109223,0.11021695214109223,0.11021695214109223
0.4053667940115862,0.11008449751375787,0.11008449751375787,0.11008449751375787
0.40843775457228004,0.10995126730593052,0.10995126730593052,0.10995126730593052
0.4115087151329739,0.10981726654346351,0.10981726654346351,0.10981726654346351
0.4145796756936677,0.10968250028127778,0.10968250028127778,0.10968250028127778
0.41765063625436155,0.10954697360317141,0.10954697360317141,0.10954697360317141
0.4207215968150554,0.10941069162162761,0.10941069162162761,0.10941069162162761
0.4237925573757492,0.10927365947762203,0.10927365947762203,0.10927365947762203
0.42686351793644306,0.10913588234042869,0.10913588234042869,0.10913588234042869
0.4299344784971369,0.10899736540742505,0.10899736540742505,0.10899736540742505
0.43300543905783073,0.10885811390389602,0.10885811390389602,0.10885811390389602
0.43607639961852457,0.10871813308283666,0.10871813308283666,0.10871813308283666
0.4391473601792184,0.10857742822475423,0.10857742822475423,0.10857742822475423
0.44221832073991224,0.10843600463746883,0.10843600463746883,0.10843600463746883
0.4452892813006061,0.10829386765591327,0.10829386765591327,0.10829386765591327
0.4483602418612999,0.10815102264193178,0.10815102264193178,0.10815102264193178
0.45143120242199375,0.10800747498407773,0.10800747498407773,0.10800747498407773
0.4545021629826876,0.1078632300974104,0.1078632300974104,0.1078632300974104
0.4575731235433814,0.10771829342329069,0.10771829342329069,0.10771829342329069
0.4606440841040752,0.10757267042917584,0.10757267042917584,0.10757267042917584
0.46371504466476904,0.10742636660841319,0.10742636660841319,0.10742636660841319
0.4667860052254629,0.10727938748003296,0.10727938748003296,0.10727938748003296
0.4698569657861567,0.10713173858854003,0.10713173858854003,0.10713173858854003
0.47292792634685055,0.10698342550370486,0.10698342550370486,0.10698342550370486
0.4759988869075444,0.10683445382035327,0.10683445382035327,0.10683445382035327
0.4790698474682382,0.10668482915815546,0.10668482915815546,0.10668482915815546
0.48214080802893206,0.10653455716141402,0.10653455716141402,0.10653455716141402
0.4852117685896259,0.10638364349885097,0.10638364349885097,0.10638364349885097
0.4882827291503197,0.10623209386339395,0.10623209386339395,0.10623209386339395
0.49135368971101356,0.10607991397196144,0.10607991397196144,0.10607991397196144
0.4944246502717074,0.1059271095652471,0.1059271095652471,0.1059271095652471
0.49749561083240124,0.1057736864075033,0.1057736864075033,0.1057736864075033
0.5005665713930951,0.10561965028632352,0.10561965028632352,0.10561965028632352
0.5036375319537889,0.10546500701242414,0.10546500701242414,0.10546500701242414
0.5067084925144828,0.10530976241942522,0.10530976241942522,0.10530976241942522
0.5097794530751766,0.10515392236363039,0.10515392236363039,0.10515392236363039
0.5128504136358705,0.10499749272380603,0.10499749272380603,0.10499749272380603
0.5159213741965643,0.10484047940095936,0.10484047940095936,0.10484047940095936
0.5189923347572581,0.10468288831811601,0.10468288831811601,0.10468288831811601
0.5220632953179519,0.10452472542009643,0.10452472542009643,0.10452472542009643
0.5251342558786457,0.1043659966732917,0.1043659966732917,0.1043659966732917
0.5282052164393396,0.10420670806543852,0.10420670806543852,0.10420670806543852
0.5312761770000334,0.10404686560539318,0.10404686560539318,0.10404686560539318
0.5343471375607273,0.10388647532290504,0.10388647532290504,0.10388647532290504
0.537418098121421,0.10372554326838901,0.10372554326838901,0.10372554326838901
0.5404890586821149,0.10356407551269728,0.10356407551269728,0.10356407551269728
0.5435600192428087,0.10340207814689033,0.10340207814689033,0.10340207814689033
0.5466309798035026,0.10323955728200718,0.10323955728200718,0.10323955728200718
0.5497019403641964,0.10307651904883486,0.10307651904883486,0.10307651904883486
0.5527729009248903,0.10291296959767708,0.10291296959767708,0.10291296959767708
0.5558438614855841,0.10274891509812235,0.10274891509812235,0.10274891509812235
0.558914822046278,0.10258436173881105,0.10258436173881105,0.10258436173881105
0.5619857826069717,0.10241931572720217,0.10241931572720217,0.10241931572720217
0.5650567431676656,0.10225378328933901,0.10225378328933901,0.10225378328933901
0.5681277037283594,0.10208777066961437,0.10208777066961437,0.10208777066961437
0.5711986642890533,0.10192128413053504,0.10192128413053504,0.10192128413053504
0.5742696248497471,0.10175432995248543,0.10175432995248543,0.10175432995248543
0.577340585410441,0.10158691443349079,0.10158691443349079,0.10158691443349079
0.5804115459711348,0.10141904388897952,0.10141904388897952,0.10141904388897952
0.5834825065318286,0.10125072465154501,0.10125072465154501,0.10125072465154501
0.5865534670925224,0.10108196307070677,0.10108196307070677,0.10108196307070677
0.5896244276532163,0.10091276551267078,0.10091276551267078,0.10091276551267078
0.5926953882139101,0.10074313836008945,0.10074313836008945,0.10074313836008945
0.595766348774604,0.10057308801182085,0.10057308801182085,0.10057308801182085
0.5988373093352978,0.1004026208826873,0.1004026208826873,0.1004026208826873
0.6019082698959917,0.10023174340323329,0.10023174340323329,0.10023174340323329
0.6049792304566854,0.10006046201948311,0.10006046201948311,0.10006046201948311
0.6080501910173793,0.09988878319269744,0.09988878319269744,0.09988878319269744
0.6111211515780731,0.09971671339912982,0.09971671339912982,0.09971671339912982
0.614192112138767,0.09954425912978224,0.09954425912978224,0.09954425912978224
0.6172630726994608,0.09937142689016025,0.09937142689016025,0.09937142689016025
0.6203340332601547,0.09919822320002769,0.09919822320002769,0.09919822320002769
0.6234049938208485,0.0990246545931606,0.0990246545931606,0.0990246545931606
0.6264759543815424,0.09885072761710077,0.09885072761710077,0.09885072761710077
0.6295469149422361,0.09867644883290885,0.09867644883290885,0.09867644883290885
0.63261787550293,0.09850182481491676,0.09850182481491676,0.09850182481491676
0.6356888360636238,0.09832686215047967,0.09832686215047967,0.09832686215047967
0.6387597966243177,0.09815156743972754,0.09815156743972754,0.09815156743972754
0.6418307571850115,0.09797594729531615,0.09797594729531615,0.09797594729531615
0.6449017177457054,0.09780000834217766,0.09780000834217766,0.09780000834217766
0.6479726783063992,0.09762375721727064,0.09762375721727064,0.09762375721727064
0.651043638867093,0.09744720056932973,0.09744720056932973,0.09744720056932973
0.6541145994277868,0.09727034505861494,0.09727034505861494,0.09727034505861494
0.6571855599884806,0.09709319735666012,0.09709319735666012,0.09709319735666012
0.6602565205491745,0.09691576414602165,0.09691576414602165,0.09691576414602165
0.6633274811098683,0.09673805212002608,0.09673805212002608,0.09673805212002608
0.6663984416705622,0.09656006798251776,0.09656006798251776,0.09656006798251776
0.669469402231256,0.09638181844760593,0.09638181844760593,0.09638181844760593
0.6725403627919498,0.09620331023941141,0.09620331023941141,0.09620331023941141
0.6756113233526436,0.096024550091813,0.096024550091813,0.096024550091813
0.6786822839133375,0.09584554474819343,0.09584554474819343,0.09584554474819343
0.6817532444740313,0.09566630096118492,0.09566630096118492,0.09566630096118492
0.6848242050347252,0.09548682549241462,0.09548682549241462,0.09548682549241462
0.687895165595419,0.09530712511224934,0.09530712511224934,0.09530712511224934
0.6909661261561129,0.09512720659954023,0.09512720659954023,0.09512720659954023
0.6940370867168066,0.09494707674136714,0.09494707674136714,0.09494707674136714
0.6971080472775005,0.09476674233278247,0.09476674233278247,0.09476674233278247
0.7001790078381943,0.09458621017655491,0.09458621017655491,0.09458621017655491
0.7032499683988882,0.09440548708291281,0.09440548708291281,0.09440548708291281
0.706320928959582,0.09422457986928723,0.09422457986928723,0.09422457986928723
0.7093918895202759,0.09404349536005482,0.09404349536005482,0.09404349536005482
0.7124628500809697,0.09386224038628041,0.09386224038628041,0.09386224038628041
0.7155338106416635,0.0936808217854592,0.0936808217854592,0.0936808217854592
0.7186047712023573,0.09349924640125895,0.09349924640125895,0.09349924640125895
0.7216757317630512,0.09331752108326177,0.09331752108326177,0.09331752108326177
0.724746692323745,0.09313565268670572,0.09313565268670572,0.09313565268670572
0.7278176528844389,0.09295364807222625,0.09295364807222625,0.09295364807222625
0.7308886134451327,0.09277151410559734,0.09277151410559734,0.09277151410559734
0.7339595740058266,0.09258925765747253,0.09258925765747253,0.09258925765747253
0.7370305345665203,0.09240688560312577,0.09240688560312577,0.09240688560312577
0.7401014951272142,0.09222440482219199,0.09222440482219199,0.09222440482219199
0.743172455687908,0.09204182219840766,0.09204182219840766,0.09204182219840766
0.7462434162486019,0.09185914461935106,0.09185914461935106,0.09185914461935106
0.7493143768092957,0.09167637897618248,0.09167637897618248,0.09167637897618248
0.7523853373699896,0.09149353216338425,0.09149353216338425,0.09149353216338425
0.7554562979306834,0.09131061107850065,0.09131061107850065,0.09131061107850065
0.7585272584913773,0.0911276226218778,0.0911276226218778,0.0911276226218778
0.761598219052071,0.0909445736964032,0.0909445736964032,0.0909445736964032
0.7646691796127649,0.0907614712072455,0.0907614712072455,0.0907614712072455
0.7677401401734587,0.09057832206159386,0.09057832206159386,0.09057832206159386
0.7708111007341526,0.09039513316839755,0.09039513316839755,0.09039513316839755
0.7738820612948464,0.09021191143810516,0.09021191143810516,0.09021191143810516
0.7769530218555403,0.09002866378240404,0.09002866378240404,0.09002866378240404
0.780023982416234,0.08984539711395956,0.08984539711395956,0.08984539711395956
0.7830949429769279,0.08966211834615423,0.08966211834615423,0.08966211834615423
0.7861659035376217,0.08947883439282703,0.08947883439282703,0.08947883439282703
0.7892368640983155,0.08929555216801255,0.08929555216801255,0.08929555216801255
0.7923078246590094,0.08911227858568017,0.08911227858568017,0.08911227858568017
0.7953787852197032,0.08892902055947328,0.08892902055947328,0.08892902055947328
0.7984497457803971,0.08874578500244838,0.08874578500244838,0.08874578500244838
0.8015207063410908,0.08856257882681443,0.08856257882681443,0.08856257882681443
0.8045916669017847,0.08837940894367198,0.08837940894367198,0.08837940894367198
0.8076626274624785,0.08819628226275256,0.08819628226275256,0.08819628226275256
0.8107335880231724,0.08801320569215791,0.08801320569215791,0.08801320569215791
0.8138045485838662,0.08783018613809958,0.08783018613809958,0.08783018613809958
0.8168755091445601,0.08764723050463814,0.08764723050463814,0.08764723050463814
0.8199464697052539,0.08746434569342298,0.08746434569342298,0.08746434569342298
0.8230174302659478,0.08728153860343182,0.08728153860343182,0.08728153860343182
0.8260883908266415,0.08709881613071047,0.08709881613071047,0.08709881613071047
0.8291593513873354,0.08691618516811277,0.08691618516811277,0.08691618516811277
0.8322303119480292,0.08673365260504046,0.08673365260504046,0.08673365260504046
0.8353012725087231,0.08655122532718339,0.08655122532718339,0.08655122532718339
0.8383722330694169,0.08636891021625971,0.08636891021625971,0.08636891021625971
0.8414431936301108,0.0861867141497563,0.0861867141497563,0.0861867141497563
0.8445141541908046,0.08600464400066932,0.08600464400066932,0.08600464400066932
0.8475851147514984,0.08582270663724488,0.08582270663724488,0.08582270663724488
0.8506560753121922,0.08564090892272012,0.08564090892272012,0.08564090892272012
0.8537270358728861,0.0854592577150641,0.0854592577150641,0.0854592577150641
0.8567979964335799,0.08527775986671919,0.08527775986671919,0.08527775986671919
0.8598689569942738,0.08509642222434265,0.08509642222434265,0.08509642222434265
0.8629399175549676,0.0849152516285482,0.0849152516285482,0.0849152516285482
0.8660108781156615,0.08473425491364808,0.08473425491364808,0.08473425491364808
0.8690818386763552,0.08455343890739522,0.08455343890739522,0.08455343890739522
0.8721527992370491,0.08437281043072566,0.08437281043072566,0.08437281043072566
0.8752237597977429,0.0841923762975012,0.0841923762975012,0.0841923762975012
0.8782947203584368,0.0840121433142525,0.0840121433142525,0.0840121433142525
0.8813656809191306,0.08383211827992212,0.08383211827992212,0.08383211827992212
0.8844366414798245,0.08365230798560824,0.08365230798560824,0.08365230798560824
0.8875076020405183,0.08347271921430834,0.08347271921430834,0.08347271921430834
0.8905785626012122,0.08329335874066333,0.08329335874066333,0.08329335874066333
0.8936495231619059,0.08311423333070211,0.08311423333070211,0.08311423333070211
0.8967204837225998,0.08293534974158621,0.08293534974158621,0.08293534974158621
0.8997914442832936,0.08275671472135494,0.08275671472135494,0.08275671472135494
0.9028624048439875,0.08257833500867084,0.08257833500867084,0.08257833500867084
0.9059333654046813,0.08240021733256545,0.08240021733256545,0.08240021733256545
0.9090043259653752,0.08222236841218547,0.08222236841218547,0.08222236841218547
0.912075286526069,0.08204479495653937,0.08204479495653937,0.08204479495653937
0.9151462470867628,0.08186750366424411,0.08186750366424411,0.08186750366424411
0.9182172076474566,0.08169050122327277,0.08169050122327277,0.08169050122327277
0.9212881682081504,0.08151379431070191,0.08151379431070191,0.08151379431070191
0.9243591287688443,0.08133738959245988,0.08133738959245988,0.08133738959245988
0.9274300893295381,0.08116129372307543,0.08116129372307543,0.08116129372307543
0.930501049890232,0.08098551334542646,0.08098551334542646,0.08098551334542646
0.9335720104509257,0.08081005509048961,0.08081005509048961,0.08081005509048961
0.9366429710116196,0.08063492557709005,0.08063492557709005,0.08063492557709005
0.9397139315723134,0.0804601314116518,0.0804601314116518,0.0804601314116518
0.9427848921330073,0.08028567918794853,0.08028567918794853,0.08028567918794853
0.9458558526937011,0.08011157548685484,0.08011157548685484,0.08011157548685484
0.948926813254395,0.07993782687609792,0.07993782687609792,0.07993782687609792
0.9519977738150888,0.07976443991000995,0.07976443991000995,0.07976443991000995
0.9550687343757827,0.07959142112928065,0.07959142112928065,0.07959142112928065
0.9581396949364764,0.07941877706071078,0.07941877706071078,0.07941877706071078
0.9612106554971703,0.0792465142169657,0.0792465142169657,0.0792465142169657
0.9642816160578641,0.07907463909632986,0.07907463909632986,0.07907463909632986
0.967352576618558,0.07890315818246156,0.07890315818246156,0.07890315818246156
0.9704235371792518,0.07873207794414845,0.07873207794414845,0.07873207794414845
0.9734944977399457,0.07856140483506342,0.07856140483506342,0.07856140483506342
0.9765654583006395,0.07839114529352124,0.07839114529352124,0.07839114529352124
0.9796364188613333,0.07822130574223561,0.07822130574223561,0.07822130574223561
0.9827073794220271,0.07805189258807692,0.07805189258807692,0.07805189258807692
0.985778339982721,0.0778829122218305,0.0778829122218305,0.0778829122218305
0.9888493005434148,0.07771437101795564,0.07771437101795564,0.07771437101795564
0.9919202611041087,0.07754627533434512,0.07754627533434512,0.07754627533434512
0.9949912216648025,0.0773786315120852,0.0773786315120852,0.0773786315120852
0.9980621822254964,0.07721144587521664,0.07721144587521664,0.07721144587521664
1.0011331427861903,0.077044724730496,0.077044724730496,0.077044724730496
1.004204103346884,0.07687847436715776,0.07687847436715776,0.07687847436715776
1.0072750639075778,0.07671270105667712,0.07671270105667712,0.07671270105667712
1.0103460244682716,0.07654741105253333,0.07654741105253333,0.07654741105253333
1.0134169850289656,0.07638261058997385,0.07638261058997385,0.07638261058997385
1.0164879455896594,0.07621830588577914,0.07621830588577914,0.07621830588577914
1.0195589061503532,0.07605450313802813,0.07605450313802813,0.07605450313802813
1.022629866711047,0.07589120852586438,0.07589120852586438,0.07589120852586438
1.025700827271741,0.07572842820926305,0.07572842820926305,0.07572842820926305
1.0287717878324347,0.07556616832879845,0.07556616832879845,0.07556616832879845
1.0318427483931285,0.0754044350054125,0.0754044350054125,0.0754044350054125
1.0349137089538223,0.07524323434018369,0.07524323434018369,0.07524323434018369
1.0379846695145163,0.07508257241409703,0.07508257241409703,0.07508257241409703
1.04105563007521,0.0749224552878147,0.0749224552878147,0.0749224552878147
1.0441265906359039,0.07476288900144726,0.07476288900144726,0.07476288900144726
1.0471975511965976,0.07460387957432593,0.07460387957432593,0.07460387957432593
1.0502685117572914,0.07444543300477553,0.07444543300477553,0.07444543300477553
1.0533394723179854,0.07428755526988806,0.07428755526988806,0.07428755526988806
1.0564104328786792,0.07413025232529744,0.07413025232529744,0.07413025232529744
1.059481393439373,0.07397353010495465,0.07397353010495465,0.07397353010495465
1.0625523540000668,0.07381739452090401,0.07381739452090401,0.07381739452090401
1.0656233145607608,0.07366185146306006,0.07366185146306006,0.07366185146306006
1.0686942751214545,0.0735069067989855,0.0735069067989855,0.0735069067989855
1.0717652356821483,0.07335256637366976,0.07335256637366976,0.07335256637366976
1.074836196242842,0.07319883600930846,0.07319883600930846,0.07319883600930846
1.077907156803536,0.07304572150508391,0.07304572150508391,0.07304572150508391
1.0809781173642299,0.07289322863694629,0.07289322863694629,0.07289322863694629
1.0840490779249237,0.07274136315739568,0.07274136315739568,0.07274136315739568
1.0871200384856174,0.07259013079526523,0.07259013079526523,0.07259013079526523
1.0901909990463114,0.07243953725550485,0.07243953725550485,0.07243953725550485
1.0932619596070052,0.0722895882189662,0.0722895882189662,0.0722895882189662
1.096332920167699,0.07214028934218822,0.07214028934218822,0.07214028934218822
1.0994038807283928,0.07199164625718389,0.07199164625718389,0.07199164625718389
1.1024748412890868,0.07184366457122762,0.07184366457122762,0.07184366457122762
1.1055458018497806,0.07169634986664393,0.07169634986664393,0.07169634986664393
1.1086167624104744,0.07154970770059665,0.07154970770059665,0.07154970770059665
1.1116877229711681,0.07140374360487943,0.07140374360487943,0.07140374360487943
1.1147586835318621,0.071258463085707,0.071258463085707,0.071258463085707
1.117829644092556,0.07111387162350753,0.07111387162350753,0.07111387162350753
1.1209006046532497,0.07096997467271579,0.07096997467271579,0.07096997467271579
1.1239715652139435,0.07082677766156745,0.07082677766156745,0.07082677766156745
1.1270425257746375,0.07068428599189433,0.07068428599189433,0.07068428599189433
1.1301134863353313,0.07054250503892055,0.07054250503892055,0.07054250503892055
1.133184446896025,0.07040144015105988,0.07040144015105988,0.07040144015105988
1.1362554074567188,0.07026109664971385,0.07026109664971385,0.07026109664971385
1.1393263680174128,0.07012147982907109,0.07012147982907109,0.07012147982907109
1.1423973285781066,0.06998259495590763,0.06998259495590763,0.06998259495590763
1.1454682891388004,0.06984444726938814,0.06984444726938814,0.06984444726938814
1.1485392496994942,0.06970704198086837,0.06970704198086837,0.06970704198086837
1.1516102102601882,0.06957038427369851,0.06957038427369851,0.06957038427369851
1.154681170820882,0.06943447930302772,0.06943447930302772,0.06943447930302772
1.1577521313815757,0.06929933219560959,0.06929933219560959,0.06929933219560959
1.1608230919422695,0.0691649480496088,0.0691649480496088,0.0691649480496088
1.1638940525029635,0.06903133193440875,0.06903133193440875,0.06903133193440875
1.1669650130636573,0.0688984888904204,0.0688984888904204,0.0688984888904204
1.170035973624351,0.06876642392889201,0.06876642392889201,0.06876642392889201
1.1731069341850449,0.06863514203172029,0.06863514203172029,0.06863514203172029
1.1761778947457389,0.06850464815126223,0.06850464815126223,0.06850464815126223
1.1792488553064326,0.06837494721014847,0.06837494721014847,0.06837494721014847
1.1823198158671264,0.06824604410109755,0.06824604410109755,0.06824604410109755
1.1853907764278202,0.0681179436867313,0.0681179436867313,0.0681179436867313
1.188461736988514,0.06799065079939146,0.06799065079939146,0.06799065079939146
1.191532697549208,0.06786417024095734,0.06786417024095734,0.06786417024095734
1.1946036581099018,0.06773850678266471,0.06773850678266471,0.06773850678266471
1.1976746186705955,0.06761366516492584,0.06761366516492584,0.06761366516492584
1.2007455792312893,0.0674896500971506,0.0674896500971506,0.0674896500971506
1.2038165397919833,0.0673664662575689,0.0673664662575689,0.0673664662575689
1.2068875003526771,0.06724411829305414,0.06724411829305414,0.06724411829305414
1.209958460913371,0.06712261081894792,0.06712261081894792,0.06712261081894792
1.2130294214740647,0.06700194841888599,0.06700194841888599,0.06700194841888599
1.2161003820347587,0.06688213564462529,0.06688213564462529,0.06688213564462529
1.2191713425954525,0.06676317701587227,0.06676317701587227,0.06676317701587227
1.2222423031561462,0.0666450770201124,0.0666450770201124,0.0666450770201124
1.22531326371684,0.0665278401124408,0.0665278401124408,0.0665278401124408
1.228384224277534,0.06641147071539436,0.06641147071539436,0.06641147071539436
1.2314551848382278,0.0662959732187847,0.0662959732187847,0.0662959732187847
1.2345261453989216,0.06618135197953276,0.06618135197953276,0.06618135197953276
1.2375971059596154,0.06606761132150428,0.06606761132150428,0.06606761132150428
1.2406680665203094,0.0659547555353468,0.0659547555353468,0.0659547555353468
1.2437390270810031,0.06584278887832781,0.06584278887832781,0.06584278887832781
1.246809987641697,0.06573171557417404,0.06573171557417404,0.06573171557417404
1.2498809482023907,0.06562153981291223,0.06562153981291223,0.06562153981291223
1.2529519087630847,0.06551226575071108,0.06551226575071108,0.06551226575071108
1.2560228693237785,0.06540389750972438,0.06540389750972438,0.06540389750972438
1.2590938298844723,0.06529643917793555,0.06529643917793555,0.06529643917793555
1.262164790445166,0.0651898948090035,0.0651898948090035,0.0651898948090035
1.26523575100586,0.06508426842210958,0.06508426842210958,0.06508426842210958
1.2683067115665538,0.06497956400180607,0.06497956400180607,0.06497956400180607
1.2713776721272476,0.06487578549786582,0.06487578549786582,0.06487578549786582
1.2744486326879414,0.06477293682513328,0.06477293682513328,0.06477293682513328
1.2775195932486354,0.06467102186337678,0.06467102186337678,0.06467102186337678
1.2805905538093292,0.06457004445714223,0.06457004445714223,0.06457004445714223
1.283661514370023,0.06447000841560804,0.06447000841560804,0.06447000841560804
1.2867324749307167,0.06437091751244145,0.06437091751244145,0.06437091751244145
1.2898034354914107,0.0642727754856562,0.0642727754856562,0.0642727754856562
1.2928743960521045,0.06417558603747146,0.06417558603747146,0.06417558603747146
1.2959453566127983,0.0640793528341722,0.0640793528341722,0.0640793528341722
1.299016317173492,0.06398407950597093,0.06398407950597093,0.06398407950597093
1.302087277734186,0.06388976964687068,0.06388976964687068,0.06388976964687068
1.3051582382948799,0.06379642681452949,0.06379642681452949,0.06379642681452949
1.3082291988555736,0.06370405453012616,0.06370405453012616,0.06370405453012616
1.3113001594162674,0.06361265627822743,0.06361265627822743,0.06361265627822743
1.3143711199769612,0.06352223550665655,0.06352223550665655,0.06352223550665655
1.3174420805376552,0.06343279562636321,0.06343279562636321,0.06343279562636321
1.320513041098349,0.06334434001129485,0.06334434001129485,0.06334434001129485
1.3235840016590428,0.0632568719982694,0.0632568719982694,0.0632568719982694
1.3266549622197366,0.06317039488684939,0.06317039488684939,0.06317039488684939
1.3297259227804306,0.06308491193921753,0.06308491193921753,0.06308491193921753
1.3327968833411243,0.06300042638005358,0.06300042638005358,0.06300042638005358
1.3358678439018181,0.06291694139641275,0.06291694139641275,0.06291694139641275
1.338938804462512,0.06283446013760546,0.06283446013760546,0.06283446013760546
1.342009765023206,0.06275298571507855,0.06275298571507855,0.06275298571507855
1.3450807255838997,0.06267252120229791,0.06267252120229791,0.06267252120229791
1.3481516861445935,0.06259306963463246,0.06259306963463246,0.06259306963463246
1.3512226467052872,0.0625146340092398,0.0625146340092398,0.0625146340092398
1.3542936072659812,0.06243721728495301,0.06243721728495301,0.06243721728495301
1.357364567826675,0.06236082238216911,0.06236082238216911,0.06236082238216911
1.3604355283873688,0.06228545218273887,0.06228545218273887,0.06228545218273887
1.3635064889480626,0.06221110952985807,0.06221110952985807,0.06221110952985807
1.3665774495087566,0.062137797227960284,0.062137797227960284,0.062137797227960284
1.3696484100694504,0.0620655180426111,0.0620655180426111,0.0620655180426111
1.3727193706301442,0.06199427470040374,0.06199427470040374,0.06199427470040374
1.375790331190838,0.06192406988885627,0.06192406988885627,0.06192406988885627
1.378861291751532,0.06185490625631014,0.06185490625631014,0.06185490625631014
1.3819322523122257,0.06178678641183037,0.06178678641183037,0.06178678641183037
1.3850032128729195,0.061719712925107056,0.061719712925107056,0.061719712925107056
1.3880741734336133,0.061653688326358466,0.061653688326358466,0.061653688326358466
1.3911451339943073,0.061588715106235585,0.061588715106235585,0.061588715106235585
1.394216094555001,0.061524795715728164,0.061524795715728164,0.061524795715728164
1.3972870551156948,0.06146193256607227,0.06146193256607227,0.06146193256607227
1.4003580156763886,0.0614001280286593,0.0614001280286593,0.0614001280286593
1.4034289762370826,0.06133938443494654,0.06133938443494654,0.06133938443494654
1.4064999367977764,0.06127970407636922,0.06127970407636922,0.06127970407636922
1.4095708973584702,0.06122108920425409,0.06122108920425409,0.06122108920425409
1.412641857919164,0.061163542029734425,0.061163542029734425,0.061163542029734425
1.415712818479858,0.061107064723666706,0.061107064723666706,0.061107064723666706
1.4187837790405518,0.06105165941654867,0.06105165941654867,0.06105165941654867
1.4218547396012455,0.06099732819843895,0.06099732819843895,0.06099732819843895
1.4249257001619393,0.060944073118878235,0.060944073118878235,0.060944073118878235
1.4279966607226333,0.06089189618681198,0.06089189618681198,0.06089189618681198
1.431067621283327,0.06084079937051457,0.06084079937051457,0.06084079937051457
1.4341385818440209,0.060790784597515135,0.060790784597515135,0.060790784597515135
1.4372095424047147,0.06074185375452475,0.06074185375452475,0.06074185375452475
1.4402805029654087,0.06069400868736537,0.06069400868736537,0.06069400868736537
1.4433514635261024,0.06064725120090011,0.06064725120090011,0.06064725120090011
1.4464224240867962,0.060601583058965215,0.060601583058965215,0.060601583058965215
1.44949338464749,0.06055700598430349,0.06055700598430349,0.06055700598430349
1.4525643452081838,0.06051352165849934,0.06051352165849934,0.06051352165849934
1.4556353057688778,0.06047113172191531,0.06047113172191531,0.06047113172191531
1.4587062663295716,0.06042983777363022,0.06042983777363022,0.06042983777363022
1.4617772268902653,0.06038964137137883,0.06038964137137883,0.06038964137137883
1.4648481874509591,0.060350544031493106,0.060350544031493106,0.060350544031493106
1.4679191480116531,0.060312547228844986,0.060312547228844986,0.060312547228844986
1.470990108572347,0.060275652396790766,0.060275652396790766,0.060275652396790766
1.4740610691330407,0.060239860927117014,0.060239860927117014,0.060239860927117014
1.4771320296937345,0.06020517416998807,0.06020517416998807,0.06020517416998807
1.4802029902544285,0.060171593433895144,0.060171593433895144,0.060171593433895144
1.4832739508151223,0.06013911998560689,0.06013911998560689,0.06013911998560689
1.486344911375816,0.06010775505012171,0.06010775505012171,0.06010775505012171
1.4894158719365098,0.06007749981062143,0.06007749981062143,0.06007749981062143
1.4924868324972038,0.0600483554084268,0.0600483554084268,0.0600483554084268
1.4955577930578976,0.06002032294295429,0.06002032294295429,0.06002032294295429
1.4986287536185914,0.059993403471674776,0.059993403471674776,0.059993403471674776
1.5016997141792852,0.05996759801007352,0.05996759801007352,0.05996759801007352
1.5047706747399792,0.05994290753161191,0.05994290753161191,0.05994290753161191
1.507841635300673,0.05991933296769077,0.05991933296769077,0.05991933296769077
1.5109125958613667,0.05989687520761518,0.05989687520761518,0.05989687520761518
1.5139835564220605,0.05987553509856092,0.05987553509856092,0.05987553509856092
1.5170545169827545,0.05985531344554257,0.05985531344554257,0.05985531344554257
1.5201254775434483,0.0598362110113831,0.0598362110113831,0.0598362110113831
1.523196438104142,0.059818228516685085,0.059818228516685085,0.059818228516685085
1.5262673986648359,0.059801366639803545,0.059801366639803545,0.059801366639803545
1.5293383592255299,0.059785626016820345,0.059785626016820345,0.059785626016820345
1.5324093197862236,0.05977100724152024,0.05977100724152024,0.05977100724152024
1.5354802803469174,0.05975751086536838,0.05975751086536838,0.05975751086536838
1.5385512409076112,0.05974513739748961,0.05974513739748961,0.05974513739748961
1.5416222014683052,0.05973388730464918,0.05973388730464918,0.05973388730464918
1.544693162028999,0.059723761011235235,0.059723761011235235,0.059723761011235235
1.5477641225896928,0.05971475889924269,0.05971475889924269,0.05971475889924269
1.5508350831503865,0.05970688130825893,0.05970688130825893,0.05970688130825893
1.5539060437110805,0.059700128535450904,0.059700128535450904,0.059700128535450904
1.5569770042717743,0.059694500835553985,0.059694500835553985,0.059694500835553985
1.560047964832468,0.05968999842086231,0.05968999842086231,0.05968999842086231
1.5631189253931619,0.059686621461220835,0.059686621461220835,0.059686621461220835
1.5661898859538559,0.05968437008401885,0.05968437008401885,0.05968437008401885
1.5692608465145497,0.05968324437418524,0.05968324437418524,0.05968324437418524
1.5723318070752434,0.05968324437418524,0.05968324437418524,0.05968324437418524
1.5754027676359372,0.05968437008401885,0.05968437008401885,0.05968437008401885
1.578473728196631,0.059686621461220835,0.059686621461220835,0.059686621461220835
1.581544688757325,0.05968999842086231,0.05968999842086231,0.05968999842086231
1.5846156493180188,0.059694500835553985,0.059694500835553985,0.059694500835553985
1.5876866098787126,0.059700128535450904,0.059700128535450904,0.059700128535450904
1.5907575704394064,0.05970688130825893,0.05970688130825893,0.05970688130825893
1.5938285310001004,0.05971475889924269,0.05971475889924269,0.05971475889924269
1.5968994915607941,0.059723761011235235,0.059723761011235235,0.059723761011235235
1.599970452121488,0.05973388730464918,0.05973388730464918,0.05973388730464918
1.6030414126821817,0.05974513739748961,0.05974513739748961,0.05974513739748961
1.6061123732428757,0.05975751086536838,0.05975751086536838,0.05975751086536838
1.6091833338035695,0.05977100724152024,0.05977100724152024,0.05977100724152024
1.6122542943642633,0.059785626016820345,0.059785626016820345,0.059785626016820345
1.615325254924957,0.05980136663980353,0.05980136663980353,0.05980136663980353
1.618396215485651,0.05981822851668507,0.05981822851668507,0.05981822851668507
1.6214671760463448,0.0598362110113831,0.0598362110113831,0.0598362110113831
1.6245381366070386,0.05985531344554257,0.05985531344554257,0.05985531344554257
1.6276090971677324,0.05987553509856092,0.05987553509856092,0.05987553509856092
1.6306800577284264,0.05989687520761518,0.05989687520761518,0.05989687520761518
1.6337510182891202,0.05991933296769077,0.05991933296769077,0.05991933296769077
1.636821978849814,0.05994290753161191,0.05994290753161191,0.05994290753161191
1.6398929394105077,0.05996759801007351,0.05996759801007351,0.05996759801007351
1.6429638999712017,0.059993403471674776,0.059993403471674776,0.059993403471674776
1.6460348605318955,0.06002032294295429,0.06002032294295429,0.06002032294295429
1.6491058210925893,0.0600483554084268,0.0600483554084268,0.0600483554084268
1.652176781653283,0.06007749981062143,0.06007749981062143,0.06007749981062143
1.655247742213977,0.06010775505012171,0.06010775505012171,0.06010775505012171
1.6583187027746709,0.06013911998560689,0.06013911998560689,0.06013911998560689
1.6613896633353646,0.060171593433895144,0.060171593433895144,0.060171593433895144
1.6644606238960584,0.06020517416998807,0.06020517416998807,0.06020517416998807
1.6675315844567524,0.060239860927117014,0.060239860927117014,0.060239860927117014
1.6706025450174462,0.060275652396790766,0.060275652396790766,0.060275652396790766
1.67367350557814,0.060312547228844986,0.060312547228844986,0.060312547228844986
1.6767444661388338,0.060350544031493106,0.060350544031493106,0.060350544031493106
1.6798154266995278,0.06038964137137883,0.06038964137137883,0.06038964137137883
1.6828863872602216,0.06042983777363022,0.06042983777363022,0.06042983777363022
1.6859573478209153,0.06047113172191531,0.06047113172191531,0.06047113172191531
1.6890283083816091,0.06051352165849934,0.06051352165849934,0.06051352165849934
1.6920992689423031,0.06055700598430349,0.06055700598430349,0.06055700598430349
1.695170229502997,0.060601583058965215,0.060601583058965215,0.060601583058965215
1.6982411900636907,0.06064725120090011,0.06064725120090011,0.06064725120090011
1.7013121506243845,0.06069400868736537,0.06069400868736537,0.06069400868736537
1.7043831111850782,0.06074185375452475,0.06074185375452475,0.06074185375452475
1.7074540717457722,0.060790784597515135,0.060790784597515135,0.060790784597515135
1.710525032306466,0.06084079937051457,0.06084079937051457,0.06084079937051457
1.7135959928671598,0.06089189618681198,0.06089189618681198,0.06089189618681198
1.7166669534278536,0.060944073118878235,0.060944073118878235,0.060944073118878235
1.7197379139885476,0.06099732819843895,0.06099732819843895,0.06099732819843895
1.7228088745492414,0.06105165941654867,0.06105165941654867,0.06105165941654867
1.7258798351099351,0.061107064723666706,0.061107064723666706,0.061107064723666706
1.728950795670629,0.061163542029734425,0.061163542029734425,0.061163542029734425
1.732021756231323,0.06122108920425408,0.06122108920425408,0.06122108920425408
1.7350927167920167,0.06127970407636922,0.06127970407636922,0.06127970407636922
1.7381636773527105,0.06133938443494654,0.06133938443494654,0.06133938443494654
1.7412346379134043,0.0614001280286593,0.0614001280286593,0.0614001280286593
1.7443055984740983,0.06146193256607227,0.06146193256607227,0.06146193256607227
1.747376559034792,0.061524795715728164,0.061524795715728164,0.061524795715728164
1.7504475195954858,0.061588715106235585,0.061588715106235585,0.061588715106235585
1.7535184801561796,0.061653688326358466,0.061653688326358466,0.061653688326358466
1.7565894407168736,0.061719712925107056,0.061719712925107056,0.061719712925107056
1.7596604012775674,0.06178678641183037,0.06178678641183037,0.06178678641183037
1.7627313618382612,0.06185490625631014,0.06185490625631014,0.06185490625631014
1.765802322398955,0.06192406988885626,0.06192406988885626,0.06192406988885626
1.768873282959649,0.06199427470040374,0.06199427470040374,0.06199427470040374
1.7719442435203427,0.0620655180426111,0.0620655180426111,0.0620655180426111
1.7750152040810365,0.062137797227960284,0.062137797227960284,0.062137797227960284
1.7780861646417303,0.062211109529858054,0.062211109529858054,0.062211109529858054
1.7811571252024243,0.06228545218273887,0.06228545218273887,0.06228545218273887
1.784228085763118,0.06236082238216911,0.06236082238216911,0.06236082238216911
1.7872990463238119,0.06243721728495301,0.06243721728495301,0.06243721728495301
1.7903700068845056,0.06251463400923979,0.06251463400923979,0.06251463400923979
1.7934409674451997,0.06259306963463246,0.06259306963463246,0.06259306963463246
1.7965119280058934,0.0626725212022979,0.0626725212022979,0.0626725212022979
1.7995828885665872,0.06275298571507855,0.06275298571507855,0.06275298571507855
1.802653849127281,0.06283446013760546,0.06283446013760546,0.06283446013760546
1.805724809687975,0.06291694139641274,0.06291694139641274,0.06291694139641274
1.8087957702486688,0.06300042638005357,0.06300042638005357,0.06300042638005357
1.8118667308093626,0.06308491193921752,0.06308491193921752,0.06308491193921752
1.8149376913700563,0.06317039488684939,0.06317039488684939,0.06317039488684939
1.8180086519307503,0.06325687199826939,0.06325687199826939,0.06325687199826939
1.8210796124914441,0.06334434001129485,0.06334434001129485,0.06334434001129485
1.824150573052138,0.06343279562636321,0.06343279562636321,0.06343279562636321
1.8272215336128317,0.06352223550665655,0.06352223550665655,0.06352223550665655
1.8302924941735257,0.06361265627822743,0.06361265627822743,0.06361265627822743
1.8333634547342195,0.06370405453012616,0.06370405453012616,0.06370405453012616
1.8364344152949132,0.06379642681452947,0.06379642681452947,0.06379642681452947
1.839505375855607,0.06388976964687068,0.06388976964687068,0.06388976964687068
1.8425763364163008,0.06398407950597092,0.06398407950597092,0.06398407950597092
1.8456472969769948,0.0640793528341722,0.0640793528341722,0.0640793528341722
1.8487182575376886,0.06417558603747145,0.06417558603747145,0.06417558603747145
1.8517892180983824,0.0642727754856562,0.0642727754856562,0.0642727754856562
1.8548601786590762,0.06437091751244145,0.06437091751244145,0.06437091751244145
1.8579311392197702,0.06447000841560804,0.06447000841560804,0.06447000841560804
1.861002099780464,0.06457004445714223,0.06457004445714223,0.06457004445714223
1.8640730603411577,0.06467102186337678,0.06467102186337678,0.06467102186337678
1.8671440209018515,0.06477293682513327,0.06477293682513327,0.06477293682513327
1.8702149814625455,0.06487578549786582,0.06487578549786582,0.06487578549786582
1.8732859420232393,0.06497956400180607,0.06497956400180607,0.06497956400180607
1.876356902583933,0.06508426842210958,0.06508426842210958,0.06508426842210958
1.8794278631446268,0.06518989480900349,0.06518989480900349,0.06518989480900349
1.8824988237053208,0.06529643917793555,0.06529643917793555,0.06529643917793555
1.8855697842660146,0.06540389750972438,0.06540389750972438,0.06540389750972438
1.8886407448267084,0.06551226575071106,0.06551226575071106,0.06551226575071106
1.8917117053874022,0.06562153981291223,0.06562153981291223,0.06562153981291223
1.8947826659480962,0.06573171557417402,0.06573171557417402,0.06573171557417402
1.89785362650879,0.0658427888783278,0.0658427888783278,0.0658427888783278
1.9009245870694838,0.0659547555353468,0.0659547555353468,0.0659547555353468
1.9039955476301775,0.06606761132150427,0.06606761132150427,0.06606761132150427
1.9070665081908715,0.06618135197953275,0.06618135197953275,0.06618135197953275
1.9101374687515653,0.0662959732187847,0.0662959732187847,0.0662959732187847
1.913208429312259,0.06641147071539436,0.06641147071539436,0.06641147071539436
1.9162793898729529,0.06652784011244078,0.06652784011244078,0.06652784011244078
1.9193503504336469,0.06664507702011238,0.06664507702011238,0.06664507702011238
1.9224213109943407,0.06676317701587227,0.06676317701587227,0.06676317701587227
1.9254922715550344,0.06688213564462529,0.06688213564462529,0.06688213564462529
1.9285632321157282,0.06700194841888597,0.06700194841888597,0.06700194841888597
1.9316341926764222,0.06712261081894791,0.06712261081894791,0.06712261081894791
1.934705153237116,0.06724411829305413,0.06724411829305413,0.06724411829305413
1.9377761137978098,0.0673664662575689,0.0673664662575689,0.0673664662575689
1.9408470743585036,0.0674896500971506,0.0674896500971506,0.0674896500971506
1.9439180349191976,0.06761366516492583,0.06761366516492583,0.06761366516492583
1.9469889954798913,0.0677385067826647,0.0677385067826647,0.0677385067826647
1.9500599560405851,0.06786417024095732,0.06786417024095732,0.06786417024095732
1.953130916601279,0.06799065079939144,0.06799065079939144,0.06799065079939144
1.956201877161973,0.0681179436867313,0.0681179436867313,0.0681179436867313
1.9592728377226667,0.06824604410109755,0.06824604410109755,0.06824604410109755
1.9623437982833605,0.06837494721014846,0.06837494721014846,0.06837494721014846
1.9654147588440543,0.06850464815126221,0.06850464815126221,0.06850464815126221
1.968485719404748,0.06863514203172028,0.06863514203172028,0.06863514203172028
1.971556679965442,0.06876642392889201,0.06876642392889201,0.06876642392889201
1.9746276405261358,0.06889848889042038,0.06889848889042038,0.06889848889042038
1.9776986010868296,0.06903133193440875,0.06903133193440875,0.06903133193440875
1.9807695616475234,0.06916494804960878,0.06916494804960878,0.06916494804960878
1.9838405222082174,0.06929933219560959,0.06929933219560959,0.06929933219560959
1.9869114827689112,0.06943447930302771,0.06943447930302771,0.06943447930302771
1.989982443329605,0.0695703842736985,0.0695703842736985,0.0695703842736985
1.9930534038902987,0.06970704198086836,0.06970704198086836,0.06970704198086836
1.9961243644509927,0.06984444726938813,0.06984444726938813,0.06984444726938813
1.9991953250116865,0.06998259495590763,0.06998259495590763,0.06998259495590763
2.0022662855723805,0.07012147982907109,0.07012147982907109,0.07012147982907109
2.0053372461330743,0.07026109664971385,0.07026109664971385,0.07026109664971385
2.008408206693768,0.07040144015105988,0.07040144015105988,0.07040144015105988
2.011479167254462,0.07054250503892054,0.07054250503892054,0.07054250503892054
2.0145501278151556,0.07068428599189432,0.07068428599189432,0.07068428599189432
2.0176210883758494,0.07082677766156745,0.07082677766156745,0.07082677766156745
2.020692048936543,0.07096997467271579,0.07096997467271579,0.07096997467271579
2.023763009497237,0.07111387162350752,0.07111387162350752,0.07111387162350752
2.026833970057931,0.07125846308570702,0.07125846308570702,0.07125846308570702
2.029904930618625,0.07140374360487943,0.07140374360487943,0.07140374360487943
2.0329758911793188,0.07154970770059664,0.07154970770059664,0.07154970770059664
2.0360468517400125,0.07169634986664393,0.07169634986664393,0.07169634986664393
2.0391178123007063,0.07184366457122762,0.07184366457122762,0.07184366457122762
2.0421887728614,0.07199164625718388,0.07199164625718388,0.07199164625718388
2.045259733422094,0.07214028934218822,0.07214028934218822,0.07214028934218822
2.0483306939827877,0.07228958821896618,0.07228958821896618,0.07228958821896618
2.051401654543482,0.07243953725550487,0.07243953725550487,0.07243953725550487
2.0544726151041757,0.07259013079526522,0.07259013079526522,0.07259013079526522
2.0575435756648695,0.07274136315739568,0.07274136315739568,0.07274136315739568
2.0606145362255632,0.07289322863694628,0.07289322863694628,0.07289322863694628
2.063685496786257,0.0730457215050839,0.0730457215050839,0.0730457215050839
2.066756457346951,0.07319883600930843,0.07319883600930843,0.07319883600930843
2.0698274179076446,0.07335256637366973,0.07335256637366973,0.07335256637366973
2.0728983784683384,0.07350690679898549,0.07350690679898549,0.07350690679898549
2.0759693390290326,0.07366185146306006,0.07366185146306006,0.07366185146306006
2.0790402995897264,0.073817394520904,0.073817394520904,0.073817394520904
2.08211126015042,0.07397353010495464,0.07397353010495464,0.07397353010495464
2.085182220711114,0.07413025232529744,0.07413025232529744,0.07413025232529744
2.0882531812718077,0.07428755526988806,0.07428755526988806,0.07428755526988806
2.0913241418325015,0.0744454330047755,0.0744454330047755,0.0744454330047755
2.0943951023931953,0.07460387957432593,0.07460387957432593,0.07460387957432593
2.097466062953889,0.07476288900144723,0.07476288900144723,0.07476288900144723
2.100537023514583,0.07492245528781469,0.07492245528781469,0.07492245528781469
2.103607984075277,0.07508257241409703,0.07508257241409703,0.07508257241409703
2.106678944635971,0.07524323434018368,0.07524323434018368,0.07524323434018368
2.1097499051966646,0.07540443500541248,0.07540443500541248,0.07540443500541248
2.1128208657573584,0.07556616832879845,0.07556616832879845,0.07556616832879845
2.115891826318052,0.07572842820926304,0.07572842820926304,0.07572842820926304
2.118962786878746,0.07589120852586437,0.07589120852586437,0.07589120852586437
2.1220337474394397,0.07605450313802811,0.07605450313802811,0.07605450313802811
2.1251047080001335,0.07621830588577912,0.07621830588577912,0.07621830588577912
2.1281756685608277,0.07638261058997385,0.07638261058997385,0.07638261058997385
2.1312466291215215,0.07654741105253332,0.07654741105253332,0.07654741105253332
2.1343175896822153,0.07671270105667712,0.07671270105667712,0.07671270105667712
2.137388550242909,0.07687847436715776,0.07687847436715776,0.07687847436715776
2.140459510803603,0.07704472473049599,0.07704472473049599,0.07704472473049599
2.1435304713642966,0.07721144587521662,0.07721144587521662,0.07721144587521662
2.1466014319249904,0.07737863151208518,0.07737863151208518,0.07737863151208518
2.149672392485684,0.07754627533434509,0.07754627533434509,0.07754627533434509
2.1527433530463784,0.07771437101795564,0.07771437101795564,0.07771437101795564
2.155814313607072,0.07788291222183048,0.07788291222183048,0.07788291222183048
2.158885274167766,0.0780518925880769,0.0780518925880769,0.0780518925880769
2.1619562347284598,0.0782213057422356,0.0782213057422356,0.0782213057422356
2.1650271952891535,0.07839114529352123,0.07839114529352123,0.07839114529352123
2.1680981558498473,0.07856140483506341,0.07856140483506341,0.07856140483506341
2.171169116410541,0.07873207794414842,0.07873207794414842,0.07873207794414842
2.174240076971235,0.07890315818246153,0.07890315818246153,0.07890315818246153
2.177311037531929,0.07907463909632986,0.07907463909632986,0.07907463909632986
2.180381998092623,0.07924651421696569,0.07924651421696569,0.07924651421696569
2.1834529586533167,0.07941877706071078,0.07941877706071078,0.07941877706071078
2.1865239192140105,0.07959142112928065,0.07959142112928065,0.07959142112928065
2.1895948797747042,0.07976443991000993,0.07976443991000993,0.07976443991000993
2.192665840335398,0.0799378268760979,0.0799378268760979,0.0799378268760979
2.195736800896092,0.08011157548685482,0.08011157548685482,0.08011157548685482
2.1988077614567856,0.08028567918794852,0.08028567918794852,0.08028567918794852
2.20187872201748,0.0804601314116518,0.0804601314116518,0.0804601314116518
2.2049496825781736,0.08063492557709005,0.08063492557709005,0.08063492557709005
2.2080206431388674,0.08081005509048961,0.08081005509048961,0.08081005509048961
2.211091603699561,0.08098551334542645,0.08098551334542645,0.08098551334542645
2.214162564260255,0.08116129372307543,0.08116129372307543,0.08116129372307543
2.2172335248209487,0.08133738959245988,0.08133738959245988,0.08133738959245988
2.2203044853816425,0.08151379431070188,0.08151379431070188,0.08151379431070188
2.2233754459423363,0.08169050122327275,0.08169050122327275,0.08169050122327275
2.2264464065030305,0.08186750366424413,0.08186750366424413,0.08186750366424413
2.2295173670637243,0.08204479495653937,0.08204479495653937,0.08204479495653937
2.232588327624418,0.08222236841218547,0.08222236841218547,0.08222236841218547
2.235659288185112,0.08240021733256545,0.08240021733256545,0.08240021733256545
2.2387302487458056,0.08257833500867083,0.08257833500867083,0.08257833500867083
2.2418012093064994,0.08275671472135493,0.08275671472135493,0.08275671472135493
2.244872169867193,0.0829353497415862,0.0829353497415862,0.0829353497415862
2.247943130427887,0.08311423333070209,0.08311423333070209,0.08311423333070209
2.2510140909885807,0.0832933587406633,0.0832933587406633,0.0832933587406633
2.254085051549275,0.08347271921430834,0.08347271921430834,0.08347271921430834
2.2571560121099687,0.08365230798560824,0.08365230798560824,0.08365230798560824
2.2602269726706625,0.08383211827992212,0.08383211827992212,0.08383211827992212
2.2632979332313563,0.08401214331425248,0.08401214331425248,0.08401214331425248
2.26636889379205,0.08419237629750119,0.08419237629750119,0.08419237629750119
2.269439854352744,0.08437281043072563,0.08437281043072563,0.08437281043072563
2.2725108149134376,0.0845534389073952,0.0845534389073952,0.0845534389073952
2.2755817754741314,0.08473425491364805,0.08473425491364805,0.08473425491364805
2.2786527360348257,0.0849152516285482,0.0849152516285482,0.0849152516285482
2.2817236965955194,0.08509642222434263,0.08509642222434263,0.08509642222434263
2.284794657156213,0.08527775986671919,0.08527775986671919,0.08527775986671919
2.287865617716907,0.08545925771506409,0.08545925771506409,0.08545925771506409
2.2909365782776008,0.08564090892272012,0.08564090892272012,0.08564090892272012
2.2940075388382946,0.08582270663724488,0.08582270663724488,0.08582270663724488
2.2970784993989883,0.08600464400066929,0.08600464400066929,0.08600464400066929
2.300149459959682,0.08618671414975629,0.08618671414975629,0.08618671414975629
2.3032204205203763,0.08636891021625971,0.08636891021625971,0.08636891021625971
2.30629138108107,0.08655122532718339,0.08655122532718339,0.08655122532718339
2.309362341641764,0.08673365260504044,0.08673365260504044,0.08673365260504044
2.3124333022024577,0.08691618516811275,0.08691618516811275,0.08691618516811275
2.3155042627631515,0.08709881613071047,0.08709881613071047,0.08709881613071047
2.3185752233238452,0.08728153860343181,0.08728153860343181,0.08728153860343181
2.321646183884539,0.08746434569342297,0.08746434569342297,0.08746434569342297
2.324717144445233,0.08764723050463813,0.08764723050463813,0.08764723050463813
2.327788105005927,0.08783018613809958,0.08783018613809958,0.08783018613809958
2.330859065566621,0.08801320569215791,0.08801320569215791,0.08801320569215791
2.3339300261273146,0.08819628226275254,0.08819628226275254,0.08819628226275254
2.3370009866880084,0.08837940894367198,0.08837940894367198,0.08837940894367198
2.340071947248702,0.08856257882681441,0.08856257882681441,0.08856257882681441
2.343142907809396,0.08874578500244837,0.08874578500244837,0.08874578500244837
2.3462138683700897,0.08892902055947327,0.08892902055947327,0.08892902055947327
2.3492848289307835,0.08911227858568016,0.08911227858568016,0.08911227858568016
2.3523557894914777,0.08929555216801255,0.08929555216801255,0.08929555216801255
2.3554267500521715,0.08947883439282703,0.08947883439282703,0.08947883439282703
2.3584977106128653,0.08966211834615423,0.08966211834615423,0.08966211834615423
2.361568671173559,0.08984539711395954,0.08984539711395954,0.08984539711395954
2.364639631734253,0.09002866378240404,0.09002866378240404,0.09002866378240404
2.3677105922949466,0.09021191143810514,0.09021191143810514,0.09021191143810514
2.3707815528556404,0.09039513316839752,0.09039513316839752,0.09039513316839752
2.373852513416334,0.09057832206159383,0.09057832206159383,0.09057832206159383
2.376923473977028,0.09076147120724547,0.09076147120724547,0.09076147120724547
2.379994434537722,0.0909445736964032,0.0909445736964032,0.0909445736964032
2.383065395098416,0.0911276226218778,0.0911276226218778,0.0911276226218778
2.3861363556591098,0.09131061107850065,0.09131061107850065,0.09131061107850065
2.3892073162198035,0.09149353216338424,0.09149353216338424,0.09149353216338424
2.3922782767804973,0.09167637897618247,0.09167637897618247,0.09167637897618247
2.395349237341191,0.09185914461935105,0.09185914461935105,0.09185914461935105
2.398420197901885,0.09204182219840765,0.09204182219840765,0.09204182219840765
2.4014911584625787,0.09222440482219198,0.09222440482219198,0.09222440482219198
2.404562119023273,0.09240688560312577,0.09240688560312577,0.09240688560312577
2.4076330795839667,0.09258925765747253,0.09258925765747253,0.09258925765747253
2.4107040401446604,0.09277151410559734,0.09277151410559734,0.09277151410559734
2.4137750007053542,0.09295364807222624,0.09295364807222624,0.09295364807222624
2.416845961266048,0.09313565268670572,0.09313565268670572,0.09313565268670572
2.419916921826742,0.09331752108326177,0.09331752108326177,0.09331752108326177
2.4229878823874356,0.09349924640125892,0.09349924640125892,0.09349924640125892
2.4260588429481293,0.09368082178545918,0.09368082178545918,0.09368082178545918
2.4291298035088236,0.09386224038628041,0.09386224038628041,0.09386224038628041
2.4322007640695174,0.09404349536005482,0.09404349536005482,0.09404349536005482
2.435271724630211,0.09422457986928723,0.09422457986928723,0.09422457986928723
2.438342685190905,0.09440548708291281,0.09440548708291281,0.09440548708291281
2.4414136457515987,0.09458621017655491,0.09458621017655491,0.09458621017655491
2.4444846063122925,0.09476674233278246,0.09476674233278246,0.09476674233278246
2.4475555668729863,0.09494707674136711,0.09494707674136711,0.09494707674136711
2.45062652743368,0.09512720659954021,0.09512720659954021,0.09512720659954021
2.4536974879943743,0.09530712511224934,0.09530712511224934,0.09530712511224934
2.456768448555068,0.09548682549241462,0.09548682549241462,0.09548682549241462
2.459839409115762,0.09566630096118492,0.09566630096118492,0.09566630096118492
2.4629103696764556,0.0958455447481934,0.0958455447481934,0.0958455447481934
2.4659813302371494,0.09602455009181299,0.09602455009181299,0.09602455009181299
2.469052290797843,0.09620331023941141,0.09620331023941141,0.09620331023941141
2.472123251358537,0.09638181844760592,0.09638181844760592,0.09638181844760592
2.4751942119192307,0.09656006798251775,0.09656006798251775,0.09656006798251775
2.478265172479925,0.09673805212002608,0.09673805212002608,0.09673805212002608
2.4813361330406187,0.09691576414602164,0.09691576414602164,0.09691576414602164
2.4844070936013125,0.09709319735666011,0.09709319735666011,0.09709319735666011
2.4874780541620063,0.09727034505861491,0.09727034505861491,0.09727034505861491
2.4905490147227,0.09744720056932973,0.09744720056932973,0.09744720056932973
2.493619975283394,0.09762375721727061,0.09762375721727061,0.09762375721727061
2.4966909358440876,0.09780000834217764,0.09780000834217764,0.09780000834217764
2.4997618964047814,0.09797594729531614,0.09797594729531614,0.09797594729531614
2.502832856965475,0.09815156743972751,0.09815156743972751,0.09815156743972751
2.5059038175261694,0.09832686215047967,0.09832686215047967,0.09832686215047967
2.508974778086863,0.09850182481491676,0.09850182481491676,0.09850182481491676
2.512045738647557,0.09867644883290885,0.09867644883290885,0.09867644883290885
2.5151166992082508,0.09885072761710074,0.09885072761710074,0.09885072761710074
2.5181876597689445,0.09902465459316058,0.09902465459316058,0.09902465459316058
2.5212586203296383,0.09919822320002769,0.09919822320002769,0.09919822320002769
2.524329580890332,0.09937142689016024,0.09937142689016024,0.09937142689016024
2.527400541451026,0.09954425912978221,0.09954425912978221,0.09954425912978221
2.53047150201172,0.09971671339912982,0.09971671339912982,0.09971671339912982
2.533542462572414,0.09988878319269744,0.09988878319269744,0.09988878319269744
2.5366134231331077,0.1000604620194831,0.1000604620194831,0.1000604620194831
2.5396843836938015,0.10023174340323329,0.10023174340323329,0.10023174340323329
2.5427553442544952,0.1004026208826873,0.1004026208826873,0.1004026208826873
2.545826304815189,0.10057308801182085,0.10057308801182085,0.10057308801182085
2.548897265375883,0.10074313836008943,0.10074313836008943,0.10074313836008943
2.5519682259365766,0.10091276551267075,0.10091276551267075,0.10091276551267075
2.555039186497271,0.10108196307070677,0.10108196307070677,0.10108196307070677
2.5581101470579646,0.10125072465154501,0.10125072465154501,0.10125072465154501
2.5611811076186584,0.10141904388897952,0.10141904388897952,0.10141904388897952
2.564252068179352,0.10158691443349077,0.10158691443349077,0.10158691443349077
2.567323028740046,0.10175432995248543,0.10175432995248543,0.10175432995248543
2.5703939893007397,0.10192128413053503,0.10192128413053503,0.10192128413053503
2.5734649498614335,0.10208777066961437,0.10208777066961437,0.10208777066961437
2.5765359104221273,0.10225378328933898,0.10225378328933898,0.10225378328933898
2.5796068709828215,0.10241931572720217,0.10241931572720217,0.10241931572720217
2.5826778315435153,0.10258436173881105,0.10258436173881105,0.10258436173881105
2.585748792104209,0.10274891509812235,0.10274891509812235,0.10274891509812235
2.588819752664903,0.10291296959767708,0.10291296959767708,0.10291296959767708
2.5918907132255966,0.10307651904883486,0.10307651904883486,0.10307651904883486
2.5949616737862904,0.10323955728200715,0.10323955728200715,0.10323955728200715
2.598032634346984,0.1034020781468903,0.1034020781468903,0.1034020781468903
2.601103594907678,0.10356407551269725,0.10356407551269725,0.10356407551269725
2.604174555468372,0.10372554326838901,0.10372554326838901,0.10372554326838901
2.607245516029066,0.10388647532290504,0.10388647532290504,0.10388647532290504
2.6103164765897597,0.10404686560539318,0.10404686560539318,0.10404686560539318
2.6133874371504535,0.10420670806543851,0.10420670806543851,0.10420670806543851
2.6164583977111473,0.1043659966732917,0.1043659966732917,0.1043659966732917
2.619529358271841,0.10452472542009641,0.10452472542009641,0.10452472542009641
2.622600318832535,0.10468288831811601,0.10468288831811601,0.10468288831811601
2.6256712793932286,0.10484047940095935,0.10484047940095935,0.10484047940095935
2.6287422399539224,0.104997492723806,0.104997492723806,0.104997492723806
2.6318132005146166,0.10515392236363039,0.10515392236363039,0.10515392236363039
2.6348841610753104,0.10530976241942522,0.10530976241942522,0.10530976241942522
2.637955121636004,0.10546500701242414,0.10546500701242414,0.10546500701242414
2.641026082196698,0.10561965028632352,0.10561965028632352,0.10561965028632352
2.6440970427573918,0.10577368640750329,0.10577368640750329,0.10577368640750329
2.6471680033180855,0.1059271095652471,0.1059271095652471,0.1059271095652471
2.6502389638787793,0.10607991397196141,0.10607991397196141,0.10607991397196141
2.653309924439473,0.10623209386339393,0.10623209386339393,0.10623209386339393
2.6563808850001673,0.10638364349885097,0.10638364349885097,0.10638364349885097
2.659451845560861,0.10653455716141402,0.10653455716141402,0.10653455716141402
2.662522806121555,0.10668482915815546,0.10668482915815546,0.10668482915815546
2.6655937666822487,0.10683445382035325,0.10683445382035325,0.10683445382035325
2.6686647272429425,0.10698342550370485,0.10698342550370485,0.10698342550370485
2.6717356878036362,0.10713173858854001,0.10713173858854001,0.10713173858854001
2.67480664836433,0.10727938748003293,0.10727938748003293,0.10727938748003293
2.677877608925024,0.10742636660841316,0.10742636660841316,0.10742636660841316
2.680948569485718,0.10757267042917584,0.10757267042917584,0.10757267042917584
2.684019530046412,0.10771829342329069,0.10771829342329069,0.10771829342329069
2.6870904906071056,0.1078632300974104,0.1078632300974104,0.1078632300974104
2.6901614511677994,0.10800747498407773,0.10800747498407773,0.10800747498407773
2.693232411728493,0.10815102264193177,0.10815102264193177,0.10815102264193177
2.696303372289187,0.10829386765591326,0.10829386765591326,0.10829386765591326
2.6993743328498807,0.10843600463746882,0.10843600463746882,0.10843600463746882
2.7024452934105745,0.10857742822475422,0.10857742822475422,0.10857742822475422
2.7055162539712687,0.10871813308283666,0.10871813308283666,0.10871813308283666
2.7085872145319625,0.10885811390389602,0.10885811390389602,0.10885811390389602
2.7116581750926563,0.10899736540742505,0.10899736540742505,0.10899736540742505
2.71472913565335,0.10913588234042869,0.10913588234042869,0.10913588234042869
2.717800096214044,0.10927365947762203,0.10927365947762203,0.10927365947762203
2.7208710567747376,0.10941069162162761,0.10941069162162761,0.10941069162162761
2.7239420173354314,0.10954697360317141,0.10954697360317141,0.10954697360317141
2.727012977896125,0.10968250028127778,0.10968250028127778,0.10968250028127778
2.7300839384568194,0.10981726654346351,0.10981726654346351,0.10981726654346351
2.733154899017513,0.10995126730593052,0.10995126730593052,0.10995126730593052
2.736225859578207,0.11008449751375787,0.11008449751375787,0.11008449751375787
2.7392968201389007,0.11021695214109223,0.11021695214109223,0.11021695214109223
2.7423677806995945,0.11034862619133752,0.11034862619133752,0.11034862619133752
2.7454387412602883,0.1104795146973435,0.1104795146973435,0.1104795146973435
2.748509701820982,0.11060961272159309,0.11060961272159309,0.11060961272159309
2.751580662381676,0.11073891535638851,0.11073891535638851,0.11073891535638851
2.7546516229423696,0.11086741772403658,0.11086741772403658,0.11086741772403658
2.757722583503064,0.11099511497703272,0.11099511497703272,0.11099511497703272
2.7607935440637577,0.11112200229824364,0.11112200229824364,0.11112200229824364
2.7638645046244514,0.11124807490108922,0.11124807490108922,0.11124807490108922
2.766935465185145,0.11137332802972301,0.11137332802972301,0.11137332802972301
2.770006425745839,0.1114977569592117,0.1114977569592117,0.1114977569592117
2.7730773863065328,0.11162135699571324,0.11162135699571324,0.11162135699571324
2.7761483468672266,0.11174412347665402,0.11174412347665402,0.11174412347665402
2.7792193074279203,0.11186605177090465,0.11186605177090465,0.11186605177090465
2.7822902679886146,0.11198713727895482,0.11198713727895482,0.11198713727895482
2.7853612285493083,0.11210737543308662,0.11210737543308662,0.11210737543308662
2.788432189110002,0.11222676169754693,0.11222676169754693,0.11222676169754693
2.791503149670696,0.11234529156871863,0.11234529156871863,0.11234529156871863
2.7945741102313897,0.11246296057529029,0.11246296057529029,0.11246296057529029
2.7976450707920835,0.11257976427842499,0.11257976427842499,0.11257976427842499
2.8007160313527772,0.11269569827192769,0.11269569827192769,0.11269569827192769
2.803786991913471,0.11281075818241149,0.11281075818241149,0.11281075818241149
2.8068579524741653,0.1129249396694626,0.1129249396694626,0.1129249396694626
2.809928913034859,0.11303823842580404,0.11303823842580404,0.11303823842580404
2.812999873595553,0.11315065017745815,0.11315065017745815,0.11315065017745815
2.8160708341562466,0.11326217068390787,0.11326217068390787,0.11326217068390787
2.8191417947169404,0.11337279573825657,0.11337279573825657,0.11337279573825657
2.822212755277634,0.11348252116738683,0.11348252116738683,0.11348252116738683
2.825283715838328,0.11359134283211798,0.11359134283211798,0.11359134283211798
2.8283546763990217,0.11369925662736197,0.11369925662736197,0.11369925662736197
2.831425636959716,0.11380625848227852,0.11380625848227852,0.11380625848227852
2.8344965975204097,0.11391234436042838,0.11391234436042838,0.11391234436042838
2.8375675580811035,0.11401751025992593,0.11401751025992593,0.11401751025992593
2.8406385186417973,0.11412175221358986,0.11412175221358986,0.11412175221358986
2.843709479202491,0.114225066289093,0.114225066289093,0.114225066289093
2.846780439763185,0.11432744858911058,0.11432744858911058,0.11432744858911058
2.8498514003238786,0.11442889525146725,0.11442889525146725,0.11442889525146725
2.8529223608845724,0.11452940244928282,0.11452940244928282,0.11452940244928282
2.8559933214452666,0.1146289663911166,0.1146289663911166,0.1146289663911166
2.8590642820059604,0.11472758332111037,0.11472758332111037,0.11472758332111037
2.862135242566654,0.11482524951913013,0.11482524951913013,0.11482524951913013
2.865206203127348,0.11492196130090646,0.11492196130090646,0.11492196130090646
2.8682771636880418,0.11501771501817339,0.11501771501817339,0.11501771501817339
2.8713481242487355,0.11511250705880612,0.11511250705880612,0.11511250705880612
2.8744190848094293,0.11520633384695726,0.11520633384695726,0.11520633384695726
2.877490045370123,0.11529919184319172,0.11529919184319172,0.11529919184319172
2.8805610059308173,0.11539107754462019,0.11539107754462019,0.11539107754462019
2.883631966491511,0.11548198748503134,0.11548198748503134,0.11548198748503134
2.886702927052205,0.11557191823502252,0.11557191823502252,0.11557191823502252
2.8897738876128987,0.11566086640212916,0.11566086640212916,0.11566086640212916
2.8928448481735924,0.11574882863095279,0.11574882863095279,0.11574882863095279
2.8959158087342862,0.11583580160328749,0.11583580160328749,0.11583580160328749
2.89898676929498,0.11592178203824521,0.11592178203824521,0.11592178203824521
2.902057729855674,0.11600676669237937,0.11600676669237937,0.11600676669237937
2.9051286904163676,0.11609075235980743,0.11609075235980743,0.11609075235980743
2.908199650977062,0.11617373587233158,0.11617373587233158,0.11617373587233158
2.9112706115377556,0.11625571409955845,0.11625571409955845,0.11625571409955845
2.9143415720984494,0.11633668394901713,0.11633668394901713,0.11633668394901713
2.917412532659143,0.11641664236627573,0.11641664236627573,0.11641664236627573
2.920483493219837,0.11649558633505683,0.11649558633505683,0.11649558633505683
2.9235544537805307,0.11657351287735103,0.11657351287735103,0.11657351287735103
2.9266254143412245,0.11665041905352942,0.11665041905352942,0.11665041905352942
2.9296963749019183,0.11672630196245443,0.11672630196245443,0.11672630196245443
2.9327673354626125,0.1168011587415893,0.1168011587415893,0.1168011587415893
2.9358382960233063,0.11687498656710602,0.11687498656710602,0.11687498656710602
2.938909256584,0.11694778265399183,0.11694778265399183,0.11694778265399183
2.941980217144694,0.11701954425615446,0.11701954425615446,0.11701954425615446
2.9450511777053876,0.11709026866652544,0.11709026866652544,0.11709026866652544
2.9481221382660814,0.1171599532171625,0.1171599532171625,0.1171599532171625
2.951193098826775,0.1172285952793499,0.1172285952793499,0.1172285952793499
2.954264059387469,0.11729619226369797,0.11729619226369797,0.11729619226369797
2.957335019948163,0.1173627416202405,0.1173627416202405,0.1173627416202405
2.960405980508857,0.11742824083853096,0.11742824083853096,0.11742824083853096
2.9634769410695507,0.11749268744773737,0.11749268744773737,0.11749268744773737
2.9665479016302445,0.11755607901673534,0.11755607901673534,0.11755607901673534
2.9696188621909383,0.1176184131541999,0.1176184131541999,0.1176184131541999
2.972689822751632,0.11767968750869559,0.11767968750869559,0.11767968750869559
2.975760783312326,0.11773989976876527,0.11773989976876527,0.11773989976876527
2.9788317438730196,0.1177990476630172,0.1177990476630172,0.1177990476630172
2.981902704433714,0.11785712896021092,0.11785712896021092,0.11785712896021092
2.9849736649944076,0.11791414146934115,0.11791414146934115,0.11791414146934115
2.9880446255551014,0.11797008303972066,0.11797008303972066,0.11797008303972066
2.991115586115795,0.11802495156106133,0.11802495156106133,0.11802495156106133
2.994186546676489,0.11807874496355374,0.11807874496355374,0.11807874496355374
2.9972575072371828,0.1181314612179452,0.1181314612179452,0.1181314612179452
3.0003284677978765,0.11818309833561648,0.11818309833561648,0.11818309833561648
3.0033994283585703,0.1182336543686566,0.1182336543686566,0.1182336543686566
3.0064703889192645,0.11828312740993648,0.11828312740993648,0.11828312740993648
3.0095413494799583,0.11833151559318081,0.11833151559318081,0.11833151559318081
3.012612310040652,0.11837881709303841,0.11837881709303841,0.11837881709303841
3.015683270601346,0.11842503012515122,0.11842503012515122,0.11842503012515122
3.0187542311620397,0.11847015294622146,0.11847015294622146,0.11847015294622146
3.0218251917227335,0.11851418385407757,0.11851418385407757,0.11851418385407757
3.0248961522834272,0.11855712118773817,0.11855712118773817,0.11855712118773817
3.027967112844121,0.11859896332747498,0.11859896332747498,0.11859896332747498
3.031038073404815,0.11863970869487375,0.11863970869487375,0.11863970869487375
3.034109033965509,0.11867935575289386,0.11867935575289386,0.11867935575289386
3.037179994526203,0.11871790300592634,0.11871790300592634,0.11871790300592634
3.0402509550868966,0.11875534899985019,0.11875534899985019,0.11875534899985019
3.0433219156475904,0.11879169232208733,0.11879169232208733,0.11879169232208733
3.046392876208284,0.11882693160165582,0.11882693160165582,0.11882693160165582
3.049463836768978,0.11886106550922164,0.11886106550922164,0.11886106550922164
3.0525347973296717,0.11889409275714875,0.11889409275714875,0.11889409275714875
3.0556057578903655,0.11892601209954781,0.11892601209954781,0.11892601209954781
3.0586767184510597,0.11895682233232298,0.11895682233232298,0.11895682233232298
3.0617476790117535,0.11898652229321749,0.11898652229321749,0.11898652229321749
3.0648186395724473,0.11901511086185747,0.11901511086185747,0.11901511086185747
3.067889600133141,0.11904258695979415,0.11904258695979415,0.11904258695979415
3.070960560693835,0.1190689495505446,0.1190689495505446,0.1190689495505446
3.0740315212545286,0.11909419763963076,0.11909419763963076,0.11909419763963076
3.0771024818152224,0.11911833027461706,0.11911833027461706,0.11911833027461706
3.080173442375916,0.11914134654514624,0.11914134654514624,0.11914134654514624
3.0832444029366104,0.11916324558297381,0.11916324558297381,0.11916324558297381
3.086315363497304,0.11918402656200064,0.11918402656200064,0.11918402656200064
3.089386324057998,0.11920368869830429,0.11920368869830429,0.11920368869830429
3.0924572846186917,0.11922223125016852,0.11922223125016852,0.11922223125016852
3.0955282451793855,0.1192396535181112,0.1192396535181112,0.1192396535181112
3.0985992057400793,0.11925595484491076,0.11925595484491076,0.11925595484491076
3.101670166300773,0.11927113461563103,0.11927113461563103,0.11927113461563103
3.104741126861467,0.11928519225764436,0.11928519225764436,0.11928519225764436
3.107812087422161,0.11929812724065324,0.11929812724065324,0.11929812724065324
3.110883047982855,0.11930993907671032,0.11930993907671032,0.11930993907671032
3.1139540085435486,0.11932062732023681,0.11932062732023681,0.11932062732023681
3.1170249691042424,0.11933019156803926,0.11933019156803926,0.11933019156803926
3.120095929664936,0.11933863145932484,0.11933863145932484,0.11933863145932484
3.12316689022563,0.11934594667571487,0.11934594667571487,0.11934594667571487
3.1262378507863238,0.1193521369412569,0.1193521369412569,0.1193521369412569
3.1293088113470175,0.11935720202243505,0.11935720202243505,0.11935720202243505
3.1323797719077118,0.1193611417281789,0.1193611417281789,0.1193611417281789
3.1354507324684056,0.11936395590987062,0.11936395590987062,0.11936395590987062
3.1385216930290993,0.11936564446135062,0.11936564446135062,0.11936564446135062
3.141592653589793,0.1193662073189215,0.1193662073189215,0.1193662073189215
