Wavelength,Cext,Qext,Csca,Qsca
360.0,7.910382825055699e-10,2.0802132197132304,4.3267252427064223e-10,1.1368678300913324
360.9812108559499,7.910741437187212e-10,2.0803487699087135,4.3268587058877097e-10,1.1369467208497497
361.9624217118998,7.911099451905224e-10,2.080482607881645,4.3269917393074055e-10,1.1370245517346875
362.9436325678497,7.911456940313914e-10,2.0806155553433867,4.3271245675292866e-10,1.1371020175494504
363.9248434237996,7.911814104980185e-10,2.0807491341577595,4.327257350939494e-10,1.1371796448633111
364.90605427974947,7.912171220907637e-10,2.0808850768808513,4.3273901793415977e-10,1.1372576987394818
365.8872651356994,7.912514984371802e-10,2.0810208308031135,4.328197088374682e-10,1.1371360223313536
366.8684759916493,7.912872209191095e-10,2.0811628203318984,4.328329264335719e-10,1.137212913442413
367.8496868475992,7.913229486786264e-10,2.0813074892469525,4.328461589723054e-10,1.1372905320122224
368.83089770354906,7.913586760714251e-10,2.081453985983549,4.328594146080189e-10,1.137369222332626
369.812108559499,7.913944046870263e-10,2.0816017845334835,4.3287270007022557e-10,1.137449228221203
370.7933194154489,7.91430145313226e-10,2.0817508339437807,4.3288601857789935e-10,1.1375305374144364
371.77453027139876,7.914659091013687e-10,2.081901018560259,4.328993702274718e-10,1.1376128658376559
372.75574112734864,7.915016991691667e-10,2.082051633802208,4.329127550489255e-10,1.1376958566799293
373.7369519832986,7.915375105519969e-10,2.0822015359160937,4.32926176304201e-10,1.137779360738258
374.71816283924846,7.915733366922333e-10,2.082349858294924,4.3293964059179583e-10,1.1378635331628342
375.69937369519835,7.916088179560216e-10,2.0824864940612957,4.330569094085074e-10,1.1382069930881369
376.68058455114823,7.916446074026778e-10,2.0826313147583533,4.3307040160653835e-10,1.1382913797153706
377.66179540709817,7.916804289808748e-10,2.082775865598788,4.3308393818295793e-10,1.1383768279731017
378.64300626304805,7.917162874186158e-10,2.0829204240797887,4.330975113311049e-10,1.1384632118759053
379.62421711899793,7.91752173641595e-10,2.0830646161466193,4.331111140184525e-10,1.138550500128766
380.6054279749478,7.917880679375311e-10,2.0832081277611243,4.331247410121471e-10,1.1386389051142032
381.58663883089775,7.918239510961034e-10,2.083351537794723,4.3313838952249e-10,1.1387288912725897
382.5678496868476,7.918598158933615e-10,2.083496484001702,4.3315205765763965e-10,1.1388209895350467
383.5490605427975,7.918956684603971e-10,2.0836448806086887,4.3316573952554136e-10,1.138915462466986
384.5302713987474,7.919315160124611e-10,2.08379770178111,4.331794231530881e-10,1.1390120720546242
385.51148225469734,7.919684447437275e-10,2.0839381093367617,4.3331004585787596e-10,1.1398784959500647
386.49269311064717,7.920043057039215e-10,2.0840974460643853,4.3332386592527013e-10,1.1399809123788673
387.4739039665971,7.920401386975013e-10,2.0842579882701298,4.33337663770008e-10,1.140083741455307
388.455114822547,7.92075923540297e-10,2.0844183355549033,4.333514256228478e-10,1.140186364950516
389.4363256784969,7.92111640793539e-10,2.0845777578117586,4.333651370208401e-10,1.1402883470936764
390.41753653444675,7.921472713227742e-10,2.084735669314437,4.3337878445078467e-10,1.1403893561905714
391.3987473903967,7.921828006160031e-10,2.0848915274498956,4.333923570859661e-10,1.1404891949190155
392.3799582463466,7.922182222530229e-10,2.085045214910468,4.3340584924880345e-10,1.1405879035701043
393.3611691022965,7.922535374189678e-10,2.085197271290079,4.3341926086713054e-10,1.140685748711938
394.34237995824634,7.922887524739553e-10,2.0853486451160235,4.3343259399710524e-10,1.1407830268572567
395.3235908141963,7.923272930687051e-10,2.085511010606143,4.335611131488356e-10,1.1421584979335624
396.30480167014616,7.923624066540197e-10,2.0856640260930543,4.3357462354953364e-10,1.1422618339011117
397.2860125260961,7.923974224926733e-10,2.0858168842790197,4.3358804115768254e-10,1.1423640009757672
398.2672233820459,7.924323369593968e-10,2.0859682912971995,4.336013650013217e-10,1.142464448221653
399.24843423799587,7.924671466146357e-10,2.0861168063257907,4.336145990939157e-10,1.142562788360917
400.22964509394575,7.925018531251396e-10,2.086261522639268,4.336277534229503e-10,1.1426589265878968
401.21085594989563,7.925364678181561e-10,2.086402472193223,4.336408431419435e-10,1.1427530942230357
402.1920668058455,7.925710102088914e-10,2.086540449731914,4.336538857646738e-10,1.1428457740773947
403.17327766179545,7.926055007992661e-10,2.0866765346162786,4.3366689809355766e-10,1.1429375662937198
404.15448851774534,7.926399574718976e-10,2.0868118451084725,4.3367989593629333e-10,1.1430291096360379
405.1356993736952,7.92678466064048e-10,2.086968558189363,4.338059842811308e-10,1.1448926580379377
406.1169102296451,7.927127832367222e-10,2.0871031386148085,4.3381929851399835e-10,1.1449917735398933
407.09812108559504,7.927471123613299e-10,2.0872399800912844,4.338326542113961e-10,1.1450924631959951
408.0793319415449,7.927814877519521e-10,2.0873800403328517,4.3384607466608797e-10,1.1451951561163
409.0605427974948,7.928159406457177e-10,2.0875238740753077,4.3385957890255237e-10,1.1452999719565604
410.0417536534447,7.928504869337449e-10,2.0876713992414015,4.3387318240472144e-10,1.1454066752867877
411.0229645093946,7.928851217614101e-10,2.087821763104168,4.338868870960962e-10,1.1455146100528069
412.0041753653445,7.929198232764074e-10,2.087973441476057,4.3390067629404014e-10,1.145622847744052
412.9853862212944,7.929545653984036e-10,2.088124687985747,4.339145314079361e-10,1.1457306191623258
413.9665970772443,7.929893312778233e-10,2.0882740930381214,4.339284442193241e-10,1.1458376207290137
414.9478079331942,7.930241128067059e-10,2.0884210228747793,4.3394240516480045e-10,1.1459439397149058
415.9290187891441,7.930625943069193e-10,2.0885802936600686,4.340778707010289e-10,1.1483356635686781
416.9102296450939,7.930974819022123e-10,2.088723141012661,4.340925963258434e-10,1.1484513919430634
417.89144050104386,7.931323226051277e-10,2.0888651372854485,4.3410729516713087e-10,1.1485673048969074
418.8726513569938,7.931670896518367e-10,2.0890070449983758,4.341219246513214e-10,1.1486837726790378
419.8538622129437,7.93201759122126e-10,2.089148996583128,4.34136451415989e-10,1.1488011707391415
420.8350730688935,7.932362851627089e-10,2.0892903780511967,4.3415086007066614e-10,1.1489197954621682
421.81628392484345,7.93270630555385e-10,2.0894309686882053,4.341651533225953e-10,1.1490398737500043
422.7974947807934,7.933048074541349e-10,2.0895719452128763,4.3417934400546035e-10,1.149161645663162
423.77870563674327,7.933388663844659e-10,2.0897152453673344,4.3419344989684834e-10,1.1492853766212945
424.7599164926931,7.933728641782254e-10,2.089862190907886,4.342074982174664e-10,1.149411325093068
425.74112734864303,7.934108924881102e-10,2.0900249615851587,4.343691749984692e-10,1.1524997745618977
426.722338204593,7.93444685762568e-10,2.090179272784412,4.3438392039661247e-10,1.1526437278479365
427.7035490605428,7.934785435952787e-10,2.090335772763203,4.3439878136318306e-10,1.1527905436535753
428.6847599164927,7.935125246554887e-10,2.090493247976003,4.3441383481523037e-10,1.1529396642509877
429.6659707724426,7.935466939215402e-10,2.0906509546314167,4.344291167729019e-10,1.1530902302573285
430.64718162839256,7.935811049153476e-10,2.0908087867915532,4.344446391344789e-10,1.1532416974091584
431.6283924843424,7.936157770938482e-10,2.0909670719275013,4.3446040905398174e-10,1.1533940569834806
432.60960334029227,7.936506843671301e-10,2.0911258403368467,4.3447642116807757e-10,1.1535474713282936
433.5908141962422,7.936857626760668e-10,2.091284497179979,4.3449265083268036e-10,1.1537019482521704
434.57202505219215,7.937209317947893e-10,2.09144250197635,4.345090531933261e-10,1.153857199022937
435.55323590814197,7.937598600484172e-10,2.0916299374786407,4.34716991644398e-10,1.1577953745773928
436.53444676409185,7.937953892147586e-10,2.091791574091071,4.347351807049348e-10,1.1579697702274012
437.5156576200418,7.938309277556201e-10,2.0919556445194076,4.3475333318568044e-10,1.1581430698932451
438.49686847599173,7.938663866984469e-10,2.0921210752815163,4.3477136735528525e-10,1.1583152467225368
439.47807933194156,7.939016375623903e-10,2.0922864156976835,4.347892432610067e-10,1.1584871774865155
440.45929018789144,7.939366124132195e-10,2.0924526982929432,4.3480694770535055e-10,1.1586601310098683
441.4405010438414,7.939713302037287e-10,2.0926230360921236,4.3482447205202837e-10,1.1588347318009946
442.42171189979126,7.940058476995785e-10,2.0927993830380065,4.3484180500815564e-10,1.1590102564037172
443.40292275574114,7.940401934495398e-10,2.092979796872503,4.348589277346562e-10,1.1591845285663356
444.384133611691,7.940743295242372e-10,2.093157740212464,4.3487581720936666e-10,1.1593543684857688
445.36534446764097,7.941137569815029e-10,2.0933997803720117,4.351502746237216e-10,1.1641912776799195
446.34655532359085,7.941471914985095e-10,2.093552107006951,4.3516833515743624e-10,1.1643638164739754
447.32776617954073,7.941803475307326e-10,2.093684890850176,4.3518620722411783e-10,1.16452562971774
448.3089770354906,7.942133163249658e-10,2.0938026675626835,4.352039715075153e-10,1.164679025093759
449.29018789144055,7.942461765138776e-10,2.093910780485354,4.352217209533594e-10,1.1648275328195576
450.27139874739044,7.942790193572071e-10,2.0940137417758082,4.3523956924066943e-10,1.1649747737917744
451.2526096033403,7.943119541221318e-10,2.0941151322917047,4.3525760836968627e-10,1.1651232113305816
452.2338204592902,7.943450580424924e-10,2.09421834541718,4.3527584903828073e-10,1.165273647147241
453.21503131524014,7.943783366495146e-10,2.094326437108754,4.3529423327697534e-10,1.1654255685566306
454.19624217118997,7.944117555505007e-10,2.094441335831999,4.353127002625191e-10,1.165577821632396
455.1774530271399,7.944490342242972e-10,2.0946090733723848,4.3565208022448353e-10,1.1708752016469635
456.1586638830898,7.944827296999801e-10,2.094739185927554,4.3567284285804027e-10,1.1710436976005594
457.1398747390397,7.945164060958308e-10,2.094874239530226,4.3569359824938523e-10,1.1712113613886472
458.12108559498955,7.945499459884759e-10,2.0950095826724544,4.357143851145819e-10,1.1713794351731026
459.1022964509395,7.945833373780945e-10,2.095140202331979,4.3573527232356994e-10,1.1715484994609595
460.0835073068894,7.946166634335194e-10,2.095262258267785,4.3575627174442644e-10,1.1717175435456564
461.0647181628393,7.946499866795721e-10,2.0953753367512835,4.3577731107421586e-10,1.1718845604679888
462.04592901878914,7.94683290267078e-10,2.0954825444731293,4.357982558062977e-10,1.172047742510347
463.0271398747391,7.947165047609694e-10,2.0955865701856022,4.358190241164551e-10,1.1722066571932805
464.00835073068896,7.947495887544245e-10,2.095687890825974,4.3583967580120023e-10,1.1723628279467018
464.9895615866389,7.947825611286498e-10,2.095786999684303,4.3586032719928267e-10,1.1725188905534578
465.9707724425887,7.948190734431815e-10,2.095916419573959,4.362932397423631e-10,1.178406078356031
466.95198329853866,7.948517815702685e-10,2.096009272758751,4.363165504911461e-10,1.1785842824883663
467.93319415448855,7.948842929244367e-10,2.0960989161291743,4.363398539518902e-10,1.1787626871307728
468.9144050104385,7.949167027120619e-10,2.0961892319588897,4.363631214641569e-10,1.1789392094206803
469.8956158663883,7.949492619609164e-10,2.096285988108286,4.3638640048751504e-10,1.1791134384358126
470.87682672233825,7.94982149601026e-10,2.0963915953478693,4.3640979530338737e-10,1.1792862726471445
471.85803757828813,7.950152875751413e-10,2.0965020099169025,4.364333554169389e-10,1.179458161567609
472.839248434238,7.950485007106375e-10,2.0966096368704736,4.364571390580484e-10,1.1796289499793338
473.8204592901879,7.950817238037125e-10,2.096709937943077,4.364812146952202e-10,1.1797986745037063
474.80167014613784,7.951149873424488e-10,2.096803806168632,4.3650554870959003e-10,1.1799676421384566
475.7828810020877,7.951518068705509e-10,2.0969074086100163,4.37066078691651e-10,1.1866488550739482
476.7640918580376,7.951854116450425e-10,2.0969925360960033,4.370940384188441e-10,1.1868358237436152
477.7453027139874,7.952188445050845e-10,2.097078296314792,4.3712176262726947e-10,1.187020510902329
478.7265135699374,7.952519441898372e-10,2.0971687455690873,4.371490818502038e-10,1.187202530432814
479.7077244258873,7.952845746311605e-10,2.0972638319855768,4.37175861249704e-10,1.1873819879742682
480.68893528183713,7.953166011624816e-10,2.097359236859377,4.372020070561659e-10,1.1875597707341279
481.6701461377871,7.953479197765472e-10,2.09745043006377,4.3722758905195896e-10,1.1877384364259647
482.651356993737,7.953785678951805e-10,2.097535398343482,4.372529257510939e-10,1.1879213590525346
483.6325678496869,7.954087793523927e-10,2.097616765411182,4.372782911633319e-10,1.1881101853565863
484.6137787056367,7.954388814826186e-10,2.097700450476438,4.373036672909808e-10,1.18830336617409
485.5949895615866,7.954714503627517e-10,2.097773504382374,4.3808623568993575e-10,1.196601775478568
486.5762004175366,7.955016092670245e-10,2.0978603371126576,4.3811541399231434e-10,1.196812147328872
487.5574112734865,7.95532022614124e-10,2.097941824092408,4.381445821726552e-10,1.1970138668390458
488.5386221294363,7.955626339403804e-10,2.0980197712125808,4.3817384978284264e-10,1.197210193889331
489.5198329853863,7.955933277598223e-10,2.0980973241864236,4.3820328309388646e-10,1.1974082798596823
490.5010438413362,7.956238504870881e-10,2.0981714810873813,4.382328819392131e-10,1.1976150843392814
491.48225469728607,7.956540364053968e-10,2.0982427632449587,4.382628168519188e-10,1.197836223443476
492.4634655532359,7.956841601350153e-10,2.0983215472830508,4.3829311828233804e-10,1.1980747521370414
493.4446764091858,7.957147022355196e-10,2.098419231682676,4.383237632908039e-10,1.1983314151537263
494.42588726513577,7.95745982222609e-10,2.0985449954178663,4.383550412761095e-10,1.1986070044536659
495.40709812108565,7.957773001194284e-10,2.0986642836185463,4.3935240591191105e-10,1.208086395741413
496.3883089770355,7.958104926659505e-10,2.0988661100621253,4.3939026013094423e-10,1.208426419218696
497.3695198329855,7.958447110415414e-10,2.099094391568084,4.394290205388808e-10,1.208774714030266
498.35073068893536,7.958801780309496e-10,2.0993410991199735,4.394688149829952e-10,1.2091279969378947
499.33194154488524,7.959170543388112e-10,2.099597537121569,4.395099732642613e-10,1.2094859474736996
500.31315240083507,7.959551435844629e-10,2.0998483249042272,4.3955282442956205e-10,1.2098485279504463
501.29436325678495,7.959941771143604e-10,2.1000806577745452,4.3959711420576184e-10,1.210212957406483
502.27557411273494,7.960337592154554e-10,2.10029141226161,4.396423537924862e-10,1.2105745439878435
503.25678496868477,7.960735005906505e-10,2.100483281093257,4.3968818064795556e-10,1.210929340374599
504.23799582463465,7.961131796254016e-10,2.100659050595975,4.3973391148480304e-10,1.211273530174811
505.21920668058465,7.961596184922977e-10,2.1008597129379143,4.4077740020351786e-10,1.2201539233014773
506.20041753653453,7.961991345412185e-10,2.1010215905751406,4.408266773512406e-10,1.2204995378057755
507.18162839248436,7.962372469201472e-10,2.101182661204269,4.40874600156512e-10,1.220838260870174
508.16283924843424,7.962730827437217e-10,2.101334396423463,4.409206294377583e-10,1.2211699031082113
509.1440501043841,7.963063411878165e-10,2.1014694893807,4.4096469982812577e-10,1.2214968133020252
510.1252609603341,7.963374553201166e-10,2.101592299457837,4.410071129509634e-10,1.221822880692734
511.10647181628394,7.963669139673384e-10,2.1017113208608063,4.4104820517857093e-10,1.2221501302838864
512.0876826722339,7.963954506046704e-10,2.1018348503169353,4.410882770741648e-10,1.2224790184897543
513.0688935281838,7.964236700919453e-10,2.101970246514447,4.4112741544641363e-10,1.2228084217802464
514.0501043841336,7.964518733642541e-10,2.1021245501924546,4.4116603431725536e-10,1.223139665792999
515.0313152400836,7.964808944341646e-10,2.10231975086148,4.4203241874375134e-10,1.2300093782340684
516.0125260960334,7.965091942436895e-10,2.102505553252407,4.420758917143127e-10,1.2303689218480676
516.9937369519832,7.965383232809901e-10,2.1026933652651065,4.421204096258e-10,1.230731534987533
517.9749478079333,7.965683422347961e-10,2.102878206986867,4.42165346023047e-10,1.231090661900951
518.9561586638831,7.965989643331692e-10,2.1030519965965833,4.422108452966451e-10,1.2314452376695646
519.937369519833,7.966299951263339e-10,2.1032113148076608,4.422574869459207e-10,1.2317995361653178
520.9185803757829,7.96661392729732e-10,2.10336028569446,4.4230496679230275e-10,1.2321545643448328
521.8997912317327,7.966932893210052e-10,2.1035078471448094,4.4235280951267635e-10,1.2325088322778706
522.8810020876828,7.967255503785179e-10,2.10366457796449,4.424009222689308e-10,1.2328617311393026
523.8622129436326,7.96757901431975e-10,2.1038373930651715,4.424490391012849e-10,1.2332129619539542
524.8434237995824,7.967905637739924e-10,2.1040267390019967,4.4249718474786795e-10,1.233563466646174
525.8246346555325,7.968248358465782e-10,2.1042399523236557,4.43367815238089e-10,1.239915671731219
526.8058455114823,7.968587833329799e-10,2.1044223807791176,4.4342062023194747e-10,1.240272868337484
527.7870563674321,7.968926278124295e-10,2.1045740669328916,4.4347341914561477e-10,1.240612904190135
528.768267223382,7.969257141984146e-10,2.1046896065468825,4.4352602288741726e-10,1.240932287688093
529.7494780793319,7.969582930550618e-10,2.1047787757358343,4.4357887436339646e-10,1.2412360535517026
530.7306889352819,7.969909615415526e-10,2.1048584525453267,4.436319828956809e-10,1.2415330885309392
531.7118997912318,7.97023999953793e-10,2.1049397576962985,4.4368522642768243e-10,1.2418331997200103
532.6931106471816,7.970573861952036e-10,2.105025498130249,4.4373890965935696e-10,1.2421428679729714
533.6743215031316,7.970908266053086e-10,2.1051153909682254,4.437928168829254e-10,1.2424605051678148
534.6555323590815,7.971237532094922e-10,2.1052083084155906,4.4384595364767953e-10,1.242779370652903
535.6367432150313,7.971581687353069e-10,2.1053248303186747,4.450432441704891e-10,1.250874453303823
536.6179540709812,7.97189632130734e-10,2.105434531873385,4.4509885624425843e-10,1.2512102037600037
537.599164926931,7.972203576556828e-10,2.10555098363632,4.4515413513572997e-10,1.251549716981521
538.5803757828811,7.972506870221494e-10,2.1056651805486397,4.4520993967362053e-10,1.2518920055599339
539.5615866388309,7.97281203704155e-10,2.1057775045940947,4.452661989080454e-10,1.2522328897860682
540.5427974947808,7.973120666686995e-10,2.105886749026689,4.453219755962889e-10,1.2525667247041408
541.5240083507308,7.973430906275258e-10,2.105990022274516,4.4537772832057503e-10,1.2528955863181637
542.5052192066806,7.973742337759967e-10,2.106089049994497,4.4543452738743363e-10,1.2532269831490255
543.4864300626305,7.974059505200488e-10,2.106191792710673,4.454923730780928e-10,1.2535652690995536
544.4676409185804,7.974389482544022e-10,2.1063110347416876,4.4555134075162676e-10,1.253912387588845
545.4488517745302,7.974757820701081e-10,2.1064751657678915,4.4787664552545496e-10,1.268454063207351
546.4300626304802,7.975109144894529e-10,2.1066178919814087,4.479451429531706e-10,1.2688314834221242
547.4112734864301,7.97544540667528e-10,2.106749244275004,4.4801234703978897e-10,1.269196604860515
548.3924843423799,7.975762891310325e-10,2.1068652776929726,4.4807790784158966e-10,1.2695480802231758
549.37369519833,7.976059789371739e-10,2.106945072892587,4.4814133633670543e-10,1.2698852323370817
550.3549060542798,7.976335978503097e-10,2.106987822513521,4.482030128715747e-10,1.2702143492803155
551.3361169102296,7.976593622176093e-10,2.1070269879073154,4.4826390316656145e-10,1.2705463997902082
552.3173277661796,7.976839415909906e-10,2.1070919908207295,4.483239094865806e-10,1.2708867936488295
553.2985386221294,7.977082138566617e-10,2.107192417320965,4.483827877766955e-10,1.2712379322743428
554.2797494780793,7.977327271650652e-10,2.107327210345415,4.4844156913943233e-10,1.271600700946601
555.2609603340293,7.977575744147007e-10,2.1074928282335197,4.526699027323556e-10,1.2953782251686472
556.2421711899791,7.977825895790861e-10,2.1076412048043913,4.5274302332504897e-10,1.2957845129158012
557.2233820459292,7.978106449365475e-10,2.1077661652540742,4.52818487229516e-10,1.2961851887060332
558.204592901879,7.978414537291586e-10,2.1078721843018706,4.5289681844324315e-10,1.2965812034356121
559.1858037578288,7.978738859208957e-10,2.107971145496894,4.52976728111507e-10,1.2969741884627457
560.1670146137787,7.979066187930113e-10,2.108066283064105,4.530579129236133e-10,1.2973724947482799
561.1482254697286,7.979396933911359e-10,2.108162791179472,4.5314149616177986e-10,1.2977853676391455
562.1294363256785,7.979738799025901e-10,2.1082764535967184,4.5322577899640706e-10,1.2982137027487992
563.1106471816285,7.980092915045747e-10,2.108415578002478,4.533099373720102e-10,1.2986557407643224
564.0918580375783,7.980445593222012e-10,2.1085696120468134,4.5339417835541955e-10,1.2991042646814939
565.0730688935283,7.980789266321047e-10,2.1087435451118104,4.6109480388055157e-10,1.3367579315777565
566.0542797494782,7.981129626202832e-10,2.108910628683529,4.611988436354284e-10,1.3372476320302962
567.035490605428,7.981504371565777e-10,2.109088575630914,4.613039032526875e-10,1.3377386524457437
568.0167014613779,7.981900893333795e-10,2.1092562046384957,4.614129924244053e-10,1.3382383211955202
568.9979123173277,7.982319667669632e-10,2.1093981459058484,4.615267536510692e-10,1.338743126368894
569.9791231732777,7.982751714036306e-10,2.1095281582621865,4.616415149745044e-10,1.3392335043855974
570.9603340292276,7.983192411791247e-10,2.1096739749510816,4.617568157718823e-10,1.3397113166953598
571.9415448851774,7.983644532819673e-10,2.1098382030760297,4.6187129948659477e-10,1.3401878541326282
572.9227557411274,7.98407927177111e-10,2.110000450407203,4.619839622366383e-10,1.3406630702346738
573.9039665970773,7.984477412699729e-10,2.110146453394041,4.6209397285169633e-10,1.3411398208456187
574.8851774530272,7.984838091129452e-10,2.110280471113883,4.622015577098e-10,1.3416181246245613
575.8663883089771,7.985365113031081e-10,2.110500925835391,4.743557951902351e-10,1.3923594641846844
576.8475991649269,7.985587981946688e-10,2.110605143561745,4.744730927063244e-10,1.3928369070403777
577.8288100208769,7.985745605079173e-10,2.1106674860960855,4.74585704282206e-10,1.3932740860157866
578.8100208768268,7.985899069047817e-10,2.110730536993605,4.746978407543486e-10,1.3937057656398304
579.7912317327766,7.98607760524957e-10,2.1108022377077313,4.74812501046927e-10,1.3941469916278457
580.7724425887264,7.986305069419922e-10,2.1108618426656967,4.749356634652514e-10,1.3945964965314916
581.7536534446764,7.986600130241932e-10,2.1109335013285015,4.750627834590761e-10,1.3950474268418365
582.7348643006263,7.986922982191875e-10,2.1110076728345457,4.751920354883027e-10,1.3954849175098119
583.7160751565763,7.987240455775313e-10,2.1110549268496346,4.753205765081887e-10,1.3958998694627809
584.6972860125261,7.987539916657988e-10,2.1110769391544717,4.754472064406374e-10,1.3963025684590638
585.678496868476,7.98792089952345e-10,2.111083780234184,4.915784041552668e-10,1.4541183791626349
586.659707724426,7.988201571665985e-10,2.1110787948640666,4.91732167611714e-10,1.4545897415645215
587.6409185803758,7.988436707215421e-10,2.1110830098528983,4.918793421508136e-10,1.455048701594094
588.6221294363256,7.988651258649035e-10,2.1111313062533426,4.920230256872886e-10,1.4555074305215903
589.6033402922756,7.988856385550486e-10,2.1111612707519396,4.921665971224025e-10,1.455957633993648
590.5845511482255,7.989048523595055e-10,2.11115586192357,4.923156061871157e-10,1.4563997494278687
591.5657620041754,7.98929562231274e-10,2.1111552441581827,4.92465169119396e-10,1.4568418240452372
592.5469728601253,7.98960885575127e-10,2.1112098073059125,4.926189119869363e-10,1.45731517347738
593.5281837160752,7.989961290090882e-10,2.111307645331721,4.927766804975245e-10,1.4578175883460547
594.5093945720251,7.990299588932757e-10,2.111412035212963,4.92934353938714e-10,1.458328940783165
595.490605427975,7.990705316561556e-10,2.1114693850166177,5.105819084749009e-10,1.5140684459295723
596.4718162839248,7.990958328321098e-10,2.111553301809345,5.10754806189667e-10,1.5145566409710634
597.4530271398747,7.991167025438981e-10,2.1116147064951245,5.109180890234794e-10,1.5150089255173365
598.4342379958247,7.99133065869305e-10,2.111661567444127,5.110791803339833e-10,1.5154658223034985
599.4154488517745,7.991478189755862e-10,2.11173919414113,5.11237643025973e-10,1.5159589945713783
600.3966597077244,7.99161302109159e-10,2.1117798123854166,5.113990889188136e-10,1.5164678238913978
601.3778705636744,7.991798436204332e-10,2.111864884299456,5.115610177608865e-10,1.5169958256684855
602.3590814196243,7.99195182481212e-10,2.1119382779070945,5.117290422364173e-10,1.5175416654685927
603.3402922755741,7.99215545878991e-10,2.1120462712347003,5.118932747802571e-10,1.5180832982323407
604.3215031315241,7.992277715875622e-10,2.112130178543356,5.120464488598857e-10,1.5185840226077982
605.3027139874739,7.992331844569422e-10,2.1121579383437363,5.283386294412866e-10,1.5653851726226393
606.2839248434238,7.992468640136809e-10,2.1122410454347573,5.285143156254652e-10,1.5659095644430054
607.2651356993737,7.992706587101119e-10,2.1124134882289796,5.28705303141337e-10,1.5665115630028792
608.2463465553236,7.992999308324171e-10,2.112644721463301,5.288863031564182e-10,1.5671085794035535
609.2275574112736,7.993247634695255e-10,2.112756589002868,5.290668657592488e-10,1.567630752619917
610.2087682672235,7.993617634104759e-10,2.112811128322599,5.292586589160831e-10,1.56815825335925
611.1899791231733,7.994119592492247e-10,2.112931505108261,5.294670895542226e-10,1.5687519062902002
612.1711899791231,7.994676519574876e-10,2.1131058314031974,5.296900587632816e-10,1.5693836888569594
613.1524008350731,7.995279205736353e-10,2.1132315656862835,5.299092289027816e-10,1.569989167131603
614.133611691023,7.996050230677399e-10,2.1134013453428766,5.301407120934588e-10,1.5706315887625997
615.1148225469728,7.997283213971333e-10,2.113786061831183,5.453225396654298e-10,1.611248305238695
616.0960334029228,7.998102804968114e-10,2.1141807351478543,5.455710847067976e-10,1.6120124462115422
617.0772442588727,7.998725084918697e-10,2.114456818326405,5.457912437791119e-10,1.6126616669235159
618.0584551148226,7.99921056927231e-10,2.1146804778744563,5.460080447058802e-10,1.6133150045486095
619.0396659707725,7.999797419214273e-10,2.115039683399594,5.462348538595069e-10,1.6140611677314332
620.0208768267223,8.000173201503671e-10,2.115309644172939,5.464361328839521e-10,1.6147346514946832
621.0020876826723,8.000443213252062e-10,2.115456901055311,5.466274294558896e-10,1.6153300785715559
621.9832985386222,8.000616277187905e-10,2.115616525040716,5.468105940281034e-10,1.6158986378394482
622.964509394572,8.000736294160512e-10,2.1157300571767843,5.469906985905922e-10,1.6164640155062215
623.945720250522,8.000908073591342e-10,2.11589729507999,5.471740482704617e-10,1.6170510807339038
624.9269311064719,8.001145156537994e-10,2.1162106938743133,5.473535106373073e-10,1.6177161347996263
625.9081419624217,8.001443749044726e-10,2.116706683658651,5.593200109520984e-10,1.648280052524905
626.8893528183717,8.001503632451055e-10,2.1168008324928156,5.59507268575252e-10,1.6488479869752242
627.8705636743215,8.001598805564667e-10,2.1169085431462236,5.596830397019957e-10,1.6493921846669168
628.8517745302714,8.001630507613454e-10,2.116992989802233,5.598491531611042e-10,1.6498910231169974
629.8329853862214,8.001640473624558e-10,2.1170440363097103,5.600255284881942e-10,1.6503896172040204
630.8141962421712,8.001706998106284e-10,2.1170861964967953,5.601920316306325e-10,1.6508376188237242
631.7954070981211,8.001723137897552e-10,2.1170802404316884,5.603633388838342e-10,1.6512510395426923
632.7766179540711,8.001963311337661e-10,2.1172443363375963,5.605503323676074e-10,1.65177159048076
633.7578288100208,8.002117142583948e-10,2.1173979555734257,5.6073140985501e-10,1.6523066409891898
634.7390396659708,8.002261526737157e-10,2.1173646833612425,5.609254075981561e-10,1.6527723481268166
635.7202505219207,8.002335751356653e-10,2.11719431227152,5.687082408838159e-10,1.6716042425627482
636.7014613778706,8.002777481689568e-10,2.117309700176362,5.689085386679711e-10,1.6720434158615085
637.6826722338205,8.00333235414309e-10,2.1175658070317414,5.691287992827534e-10,1.6726542511819902
638.6638830897704,8.003873717889955e-10,2.1178680251304884,5.693600824437487e-10,1.673346978886818
639.6450939457203,8.004370771906035e-10,2.118071345521491,5.695856423957669e-10,1.6739974165959348
640.6263048016702,8.005015602137023e-10,2.1183178998596794,5.698162359847854e-10,1.6746294762110232
641.60751565762,8.005691034845642e-10,2.1185840082236087,5.700407518205235e-10,1.6752145490641523
642.58872651357,8.006484274022916e-10,2.118748419518746,5.702882287530226e-10,1.6757565363041718
643.5699373695198,8.007083702691806e-10,2.118875501277899,5.7052155669241e-10,1.6762687979307678
644.5511482254698,8.007713219791901e-10,2.11892060151389,5.707349074301717e-10,1.6767308547779047
645.5323590814197,8.008281138728982e-10,2.118890344437362,5.773196290607954e-10,1.6922418489191984
646.5135699373695,8.008818679187412e-10,2.118986428708011,5.775337207122638e-10,1.6927248117912397
647.4947807933195,8.009263725090634e-10,2.1190657965554225,5.777376301644093e-10,1.693159328867279
648.4759916492694,8.009313677761788e-10,2.118977167288154,5.779127311822159e-10,1.6934823657096527
649.4572025052191,8.009281867937837e-10,2.1189507144502264,5.780736315072729e-10,1.693836137865223
650.4384133611692,8.009060802602087e-10,2.1189885930519727,5.782217547225136e-10,1.6942257575835122
651.419624217119,8.008784553412542e-10,2.1189410304908387,5.783594062373218e-10,1.6945892429044143
652.4008350730688,8.008641764727093e-10,2.1188785349306243,5.785119432274707e-10,1.6949466750632878
653.3820459290189,8.008374234143081e-10,2.1188208830711783,5.786510081915345e-10,1.6953267669512857
654.3632567849687,8.008288644207829e-10,2.1188747827805936,5.788128789809512e-10,1.6957990730666677
655.3444676409187,8.008210408901076e-10,2.119097652174949,5.861897209039789e-10,1.7130626894417298
656.3256784968686,8.008222678524889e-10,2.1191640768672824,5.863568745796492e-10,1.7134294313693783
657.3068893528183,8.008199746693937e-10,2.1190051503902954,5.865240192160891e-10,1.7136962439560273
658.2881002087684,8.008105320744723e-10,2.1190185303539373,5.866837189534641e-10,1.7140734034214624
659.2693110647182,8.008374689939611e-10,2.119226577532478,5.86869522543893e-10,1.714543995732621
660.250521920668,8.008524338193433e-10,2.119200786674838,5.870506562674015e-10,1.7149072791000604
661.2317327766181,8.009088713415438e-10,2.119315564710517,5.872574433066412e-10,1.7153855930246693
662.2129436325679,8.009563495667265e-10,2.1194689089778627,5.874815976299337e-10,1.7159779495820173
663.1941544885178,8.010105798425737e-10,2.119656843785621,5.876933340337953e-10,1.7165423189911315
664.1753653444678,8.010615137769316e-10,2.1197542482501404,5.879152647679437e-10,1.7170318226845018
665.1565762004175,8.01164484219238e-10,2.119949696761198,5.960260922692158e-10,1.735375791301574
666.1377870563675,8.01250295769902e-10,2.120266401219168,5.962786032885362e-10,1.7359892911145334
667.1189979123174,8.013290214380165e-10,2.1204799331907913,5.965216367315368e-10,1.7365702189278032
668.1002087682672,8.013777214495071e-10,2.120597821925565,5.967219291620249e-10,1.7370495766123313
669.0814196242172,8.01413275180451e-10,2.1207034153712314,5.969294488552104e-10,1.7375024518761053
670.0626304801671,8.014489399509567e-10,2.120738215784475,5.971055741435168e-10,1.7379016657103916
671.0438413361169,8.014586879163975e-10,2.1207232808767924,5.97300084671725e-10,1.738326461261231
672.0250521920669,8.014671665035586e-10,2.1208464448197266,5.974652528506659e-10,1.7387877613780331
673.0062630480166,8.014755114622513e-10,2.1209059386542943,5.976264617852124e-10,1.7392123806387219
673.9874739039667,8.01492439333299e-10,2.120985781078939,5.97806262934267e-10,1.7396274200271507
674.9686847599165,8.01519361638671e-10,2.1212164879182573,5.979912278321561e-10,1.7401511763540607
675.9498956158664,8.015369416079364e-10,2.1214710705025475,6.053440504865803e-10,1.7565781086326682
676.9311064718164,8.015702419235116e-10,2.12162989989085,6.055422960911055e-10,1.757077522702971
677.9123173277661,8.016056544789219e-10,2.1218811697169198,6.057300484048687e-10,1.7576317759585094
678.8935281837161,8.016341798353314e-10,2.122026249966947,6.0591750362176e-10,1.7581890065140355
679.874739039666,8.016426860995416e-10,2.1220448826870264,6.060829177196252e-10,1.7586203541704217
680.8559498956158,8.016440334201872e-10,2.1220628595787057,6.062529510903182e-10,1.7590382208627573
681.8371607515659,8.01669659911658e-10,2.122249194081908,6.064260594885945e-10,1.759515511215151
682.8183716075157,8.016836873026406e-10,2.1224500918636546,6.065746627253673e-10,1.7600142234658263
683.7995824634655,8.016725268936572e-10,2.122665204116543,6.067396182842692e-10,1.7605748484006556
684.7807933194156,8.017034651787526e-10,2.1229424991952417,6.069288472941773e-10,1.761171774873501
685.7620041753653,8.017075635446655e-10,2.123030594948294,6.133717593228277e-10,1.7752652678138947
686.7432150313152,8.017450085135892e-10,2.1232292163477213,6.135727946721794e-10,1.7757641340406178
687.7244258872652,8.018149570615155e-10,2.123549536262946,6.137812492179627e-10,1.7763290730486188
688.705636743215,8.018678004603273e-10,2.123726873368338,6.139932684639338e-10,1.7768427974393008
689.686847599165,8.019359861167631e-10,2.1239095836841395,6.142104498109107e-10,1.7773341180418814
690.6680584551149,8.020261247256904e-10,2.1240474972500025,6.144563799853097e-10,1.7778509029907048
691.6492693110647,8.021081464906475e-10,2.124122206177944,6.146980521459021e-10,1.7783288229007932
692.6304801670148,8.021595981777293e-10,2.124309679454833,6.149107626262139e-10,1.7788263656680499
693.6116910229645,8.022300607149182e-10,2.124596302215456,6.15108335842133e-10,1.779375222672764
694.5929018789144,8.022880397760998e-10,2.124846244715469,6.153198938644497e-10,1.779878616152539
695.5741127348643,8.023217169354502e-10,2.1249146242909536,6.192375953664098e-10,1.7883029449668593
696.5553235908142,8.023914825800838e-10,2.125260728629826,6.194337274029843e-10,1.7888492861727097
697.5365344467641,8.023927106282953e-10,2.125392931595404,6.195987298794152e-10,1.7892957612564515
698.517745302714,8.023917684252242e-10,2.1254729495678197,6.197519857504986e-10,1.7897665086244825
699.4989561586639,8.024044950596081e-10,2.1256392591497657,6.199132856072632e-10,1.7902811143708341
700.4801670146139,8.024295800661511e-10,2.1256593968385964,6.200945468581883e-10,1.7907132554483167
701.4613778705636,8.02441519074654e-10,2.125691252715248,6.202486415312552e-10,1.7910982527699817
702.4425887265136,8.02475867185362e-10,2.125984863175659,6.204306083525256e-10,1.791628273703057
703.4237995824635,8.025446765819972e-10,2.1262979184234236,6.206405911731292e-10,1.7921824676291558
704.4050104384133,8.025856347980771e-10,2.1265112156611927,6.208464452853031e-10,1.7926134924965689
705.3862212943633,8.02620247744687e-10,2.1263976711711186,6.24868776820529e-10,1.8010270408543423
706.3674321503132,8.026704561122079e-10,2.1266072491167423,6.250712043103404e-10,1.8014662581900998
707.348643006263,8.027028736505342e-10,2.1266093171787275,6.252576708175692e-10,1.8018324707927666
708.3298538622131,8.027057890699565e-10,2.1266113558975666,6.25399317778419e-10,1.8021728736232228
709.3110647181628,8.027082485472665e-10,2.1267932003453396,6.25557994268078e-10,1.8026440434974098
710.2922755741128,8.027135502650954e-10,2.126870558928763,6.257196422654887e-10,1.803045407159656
711.2734864300627,8.027074512763526e-10,2.126844743070704,6.258438100714746e-10,1.8033190177852936
712.2546972860125,8.026488609026061e-10,2.1268006123272905,6.259402334991503e-10,1.8036022949696378
713.2359081419625,8.026335881118073e-10,2.126909542580162,6.2605783591975e-10,1.8039640970763404
714.2171189979124,8.025885269402506e-10,2.127016205720403,6.261712756573721e-10,1.8043158167189741
715.1983298538622,8.025311110604809e-10,2.1270040778675896,6.320659389550505e-10,1.8167117939523711
716.1795407098122,8.024820287748894e-10,2.126654031062698,6.321711594395979e-10,1.8167698809169028
717.160751565762,8.024608514504763e-10,2.12657843136627,6.323008719072529e-10,1.8170085728282208
718.1419624217119,8.024681347392295e-10,2.1268361577771144,6.324393502992855e-10,1.8174429981909663
719.1231732776619,8.024662788403228e-10,2.1269033293875657,6.325766106436378e-10,1.817776180605281
720.1043841336117,8.024707142899671e-10,2.126678105565525,6.32725019295924e-10,1.8180009036223943
721.0855949895616,8.024924033946767e-10,2.12670321350328,6.329007765461756e-10,1.8183600831568594
722.0668058455116,8.025625037943737e-10,2.1269252603698736,6.331173326471664e-10,1.8188323327425293
723.0480167014614,8.026309047174451e-10,2.1271902214502516,6.333223168414592e-10,1.8193192500852973
724.0292275574113,8.02691824217467e-10,2.12733962992696,6.335101780323541e-10,1.81973484467612
725.0104384133612,8.027923080163582e-10,2.127642927250293,6.364135471678137e-10,1.8257643114324842
725.9916492693111,8.028955875605602e-10,2.12785786681207,6.366543854042651e-10,1.8262594652215065
726.972860125261,8.029500925814608e-10,2.127816063402387,6.368545529043369e-10,1.8265906539377266
727.9540709812109,8.030151747307737e-10,2.1278802320202277,6.370628498471814e-10,1.8269450406795422
728.9352818371608,8.031186958486627e-10,2.1281372911425382,6.37279757307622e-10,1.827367939743796
729.9164926931107,8.031381484891904e-10,2.1281201007163615,6.374723741172812e-10,1.8277478878458522
730.8977035490606,8.032299529349507e-10,2.1283037613740046,6.376830451128565e-10,1.8282136707180923
731.8789144050105,8.032998347436394e-10,2.128418625064809,6.378929949924134e-10,1.8286405107316073
732.8601252609603,8.033715659988496e-10,2.128576733824615,6.38104799820171e-10,1.8291114687076977
733.8413361169103,8.034161151557088e-10,2.1289774590697235,6.382911719033272e-10,1.8297429889973196
734.8225469728602,8.034850183784383e-10,2.129490791666394,6.384998701535349e-10,1.8304784010098751
735.80375782881,8.035479050204292e-10,2.1300116811773218,6.431982771277388e-10,1.8404292110222038
736.78496868476,8.035880459384728e-10,2.130154209109218,6.433631079820624e-10,1.8409018811712463
737.7661795407098,8.035906245256994e-10,2.130207082207605,6.435183926039736e-10,1.8412976867810285
738.7473903966597,8.036050266002598e-10,2.1304063611663695,6.436492641060035e-10,1.8416902055283813
739.7286012526096,8.035545385895115e-10,2.130443277542612,6.437545321197927e-10,1.8420517431999983
740.7098121085595,8.035710694971584e-10,2.1308529496516893,6.438784926972096e-10,1.842587436176039
741.6910229645094,8.035285233767796e-10,2.1310207600931865,6.439732287164738e-10,1.8430676651260736
742.6722338204594,8.035083323475262e-10,2.131183314879334,6.441023622996609e-10,1.8435858478784362
743.6534446764092,8.035155611125387e-10,2.1316634062993574,6.44261240895832e-10,1.8442664611255422
744.6346555323591,8.035306746920047e-10,2.1319908897166537,6.44384641337077e-10,1.8447900809474893
745.615866388309,8.035580899930187e-10,2.1323116583788337,6.474432080051861e-10,1.8512062873003317
746.5970772442589,8.036167911232093e-10,2.1324999384713577,6.476249073112165e-10,1.8516664153905384
747.5782881002087,8.036689932731657e-10,2.132654641788992,6.478036503312803e-10,1.8520318667975713
748.5594989561587,8.036943461247486e-10,2.1324507776928727,6.479879918899978e-10,1.8522291255577672
749.5407098121086,8.037631788785855e-10,2.13242204798507,6.481763110607285e-10,1.8524766130371182
750.5219206680584,8.037755662500631e-10,2.1324207076490795,6.483208666162948e-10,1.8527788669597016
751.5031315240084,8.038221156654914e-10,2.132601001916784,6.484973253003395e-10,1.8532010803482484
752.4843423799583,8.03881089665853e-10,2.132763190716826,6.486895241285826e-10,1.85361233774675
753.4655532359081,8.039063409572415e-10,2.132685001767276,6.488408683607628e-10,1.8538362316672705
754.4467640918581,8.039222451795113e-10,2.132874022447116,6.489869227118786e-10,1.8542367267639657
755.4279749478079,8.039490483880405e-10,2.133170633415652,6.50390405763126e-10,1.8572482664630137
756.4091858037579,8.039674086641008e-10,2.133247857264129,6.505246296364803e-10,1.8575916956001481
757.3903966597078,8.040204574684837e-10,2.1333713703893857,6.507246820185487e-10,1.857963512903194
758.3716075156576,8.040679075222182e-10,2.133562762457932,6.509089363734182e-10,1.8584310706933258
759.3528183716076,8.041242303660717e-10,2.1338080662022954,6.510763480513965e-10,1.8589383048213346
760.3340292275575,8.04194242162747e-10,2.1341361950434328,6.5126575555488e-10,1.8594273442476803
761.3152400835073,8.042311095568857e-10,2.13408643857663,6.514414324875244e-10,1.8597212957254814
762.2964509394573,8.042823837941804e-10,2.1341640414821823,6.516374328242511e-10,1.860078230315827
763.2776617954071,8.043627392708144e-10,2.1342174552963233,6.518279707164475e-10,1.8604692535960374
764.258872651357,8.044176740708158e-10,2.1344786501981345,6.520267060901196e-10,1.8609814078522933
765.240083507307,8.044714944605991e-10,2.1348848367124353,6.535192270586812e-10,1.8641905512787347
766.2212943632568,8.04506744060681e-10,2.1353026581482446,6.536814701588701e-10,1.8647967105493535
767.2025052192067,8.045583385174883e-10,2.135723950225861,6.538498702401406e-10,1.865379302742209
768.1837160751567,8.04552731214836e-10,2.1359745261914056,6.539653491518679e-10,1.8658324250563327
769.1649269311065,8.045409071049223e-10,2.136031167953188,6.540813493891538e-10,1.866131255741904
770.1461377870564,8.044857827113552e-10,2.135725585322171,6.541608643068473e-10,1.8662116825807065
771.1273486430063,8.044387032255407e-10,2.135642514435751,6.542571823154339e-10,1.8664129132427631
772.1085594989562,8.044373454749422e-10,2.13577187512245,6.5434599095374e-10,1.8666916181708395
773.0897703549061,8.043681135107208e-10,2.1356588522624946,6.54389774685529e-10,1.8668364139897775
774.070981210856,8.043162623403602e-10,2.135482358786362,6.544952815066522e-10,1.8670086959499157
775.0521920668059,8.042626770746302e-10,2.1354087191220428,6.55907824389813e-10,1.8698544300992532
776.0334029227558,8.041928055494907e-10,2.135428220415543,6.559770115674118e-10,1.8701010693124245
777.0146137787056,8.042011107691998e-10,2.1357728529727877,6.560712304798133e-10,1.870526783112603
777.9958246346556,8.0415413581833e-10,2.1357807986915707,6.561575160731739e-10,1.8708310386382412
778.9770354906054,8.041567429422278e-10,2.13583525299002,6.562880474740642e-10,1.8711525945450753
779.9582463465554,8.041615333231728e-10,2.136119052503331,6.564125864424567e-10,1.8716428868937458
780.9394572025053,8.042369058208653e-10,2.136603824631582,6.565957907931563e-10,1.872269024312319
781.9206680584551,8.042457998415605e-10,2.1365749910656895,6.567421393389111e-10,1.8725759833771438
782.9018789144051,8.042854553045055e-10,2.1365803173145994,6.569197895249539e-10,1.872930380470625
783.883089770355,8.044066057520166e-10,2.137067541204539,6.571313179509835e-10,1.873466590387205
784.8643006263047,8.044711824023575e-10,2.1371360029416824,6.573320699252144e-10,1.873816480383715
785.8455114822548,8.045930107229204e-10,2.1372816249743543,6.589777945710438e-10,1.8770487325763103
786.8267223382046,8.046503766623502e-10,2.137434947232725,6.591822168175286e-10,1.877481413041153
787.8079331941545,8.047615153847177e-10,2.1376708896644954,6.593947887889537e-10,1.8779471887953942
788.7891440501045,8.047802432264037e-10,2.1377736435100076,6.59541434955745e-10,1.8783486415632176
789.7703549060543,8.048523303138095e-10,2.1380701712503165,6.597304676373208e-10,1.8788586613008473
790.7515657620042,8.049618803239152e-10,2.138629512370591,6.599670562808805e-10,1.8795607944112667
791.7327766179542,8.050551900417244e-10,2.1391265187023896,6.601599316997718e-10,1.8801958839289925
792.7139874739039,8.05096077839224e-10,2.1393041729388824,6.60321438759196e-10,1.8806298189393802
793.695198329854,8.051384085207298e-10,2.1393920627931697,6.604750747856119e-10,1.880948560257057
794.6764091858038,8.051931526098733e-10,2.139526742855025,6.606720803235573e-10,1.881336209834422
795.6576200417537,8.052646665898542e-10,2.139705129416985,6.604618464334891e-10,1.8809220201120562
796.6388308977037,8.052218049441676e-10,2.1395395427993025,6.605645784320053e-10,1.8811030311663963
797.6200417536535,8.052966590794851e-10,2.1397562768461063,6.607181229696929e-10,1.8814833181932973
798.6012526096034,8.053225606488032e-10,2.139879179412324,6.608776311617576e-10,1.8818353475303387
799.5824634655532,8.053365681061177e-10,2.139929584053262,6.610188246490007e-10,1.8821776333986133
800.5636743215031,8.053514025231304e-10,2.140049130686697,6.611614312961037e-10,1.882626902797278
801.5448851774531,8.054108926874895e-10,2.1405463506688736,6.613242892147969e-10,1.8832048065464375
802.526096033403,8.054085873901247e-10,2.140664851854585,6.614445439259507e-10,1.8835957296811408
803.5073068893528,8.05424734042081e-10,2.140858086998317,6.6156499946199e-10,1.8840207405614882
804.4885177453028,8.054481136287523e-10,2.1410686264793695,6.617044376109491e-10,1.8844707918081764
805.4697286012525,8.05480241457997e-10,2.141296372086086,6.614648757710666e-10,1.8842070994278834
806.4509394572026,8.054658407079048e-10,2.141494500624237,6.61588845504648e-10,1.884644530162887
807.4321503131524,8.054922317376427e-10,2.1418217317918398,6.617304897521597e-10,1.8851639620282237
808.4133611691022,8.05551698502661e-10,2.142179079001526,6.618820498351758e-10,1.885664576595003
809.3945720250523,8.055560433212428e-10,2.1423090648122955,6.62027991761822e-10,1.8860342779537302
810.3757828810021,8.056181062231484e-10,2.142444943066096,6.622004823710889e-10,1.886385954414442
811.356993736952,8.056400827801352e-10,2.1425499220917836,6.623536494139642e-10,1.886727428567799
812.338204592902,8.057077838929847e-10,2.142758851057396,6.624914998894198e-10,1.887050101595318
813.3194154488517,8.056880742933856e-10,2.1427789495438185,6.626083326306112e-10,1.8873147305146718
814.3006263048018,8.057268007647272e-10,2.1428897879843842,6.627535946662025e-10,1.887640115830163
815.2818371607516,8.057811863118321e-10,2.142945201313898,6.608634663237729e-10,1.88388789107168
816.2630480167014,8.057958902126137e-10,2.1429109508956286,6.610258131263409e-10,1.8841902734171558
817.2442588726515,8.0582622207895e-10,2.14320131481338,6.611575207118972e-10,1.8845564649376538
818.2254697286013,8.058198180209631e-10,2.1434988808034117,6.612513579599894e-10,1.8849015969917617
819.2066805845511,8.058324729000351e-10,2.1434299090831472,6.613569726668379e-10,1.885081272024268
820.1878914405012,8.057829412447609e-10,2.1430907713750713,6.614575007357109e-10,1.8851512569825184
821.1691022964509,8.05764109333449e-10,2.142833590609776,6.615576363841773e-10,1.8852401911931709
822.1503131524008,8.057638327735305e-10,2.142852026926507,6.616794327874545e-10,1.8855028766963033
823.1315240083508,8.058239477719704e-10,2.143061971584767,6.6183043026213e-10,1.8858873731773735
824.1127348643006,8.058332547857233e-10,2.143268647120496,6.619662686623346e-10,1.886292196300982
825.0939457202506,8.058966632049304e-10,2.1435078797121645,6.601708988558749e-10,1.8828680667570439
826.0751565762005,8.059730019210535e-10,2.143852175041352,6.603466597617589e-10,1.8833505134702853
827.0563674321503,8.059947329652352e-10,2.144052372616334,6.604922239848193e-10,1.883766408693212
828.0375782881003,8.060354110467768e-10,2.144114582540682,6.606417464948788e-10,1.8840996006059494
829.0187891440501,8.060986931153653e-10,2.144336396251548,6.607912925749958e-10,1.884432730266731
830.0,8.061012007260993e-10,2.144170403308035,6.60922912034183e-10,1.8846260876382475
